City,Date,PM2.5,NO2,AQI,AQI_Bucket
Delhi,01/01/2015,313.22,36.39,472,Severe
Delhi,02/01/2015,186.18,32.87,454,Severe
Delhi,03/01/2015,87.18,30.31,143,Moderate
Delhi,04/01/2015,151.84,36.91,319,Very Poor
Delhi,05/01/2015,146.6,34.92,325,Very Poor
Delhi,06/01/2015,149.58,37.84,318,Very Poor
Delhi,07/01/2015,217.87,40.15,353,Very Poor
Delhi,08/01/2015,229.9,43.16,383,Very Poor
Delhi,09/01/2015,201.66,38.56,375,Very Poor
Delhi,10/01/2015,221.02,46.39,376,Very Poor
Delhi,11/01/2015,205.41,47.29,379,Very Poor
Delhi,12/01/2015,212.41,44.71,375,Very Poor
Delhi,13/01/2015,197.61,45.88,366,Very Poor
Delhi,14/01/2015,164.39,41.17,353,Very Poor
Delhi,15/01/2015,166.19,56.7,340,Very Poor
Delhi,16/01/2015,174.98,49.41,356,Very Poor
Delhi,17/01/2015,196.46,53.04,360,Very Poor
Delhi,18/01/2015,201.51,53.77,370,Very Poor
Delhi,19/01/2015,183.35,39.88,362,Very Poor
Delhi,20/01/2015,165.63,34.23,340,Very Poor
Delhi,21/01/2015,159.54,22.56,338,Very Poor
Delhi,22/01/2015,143.68,21.82,332,Very Poor
Delhi,23/01/2015,128.73,17.35,254,Poor
Delhi,24/01/2015,164.98,15.77,324,Very Poor
Delhi,25/01/2015,148.59,20.83,333,Very Poor
Delhi,26/01/2015,129.34,25.66,292,Poor
Delhi,27/01/2015,154.2,30.39,318,Very Poor
Delhi,28/01/2015,134.6,28.6,295,Poor
Delhi,29/01/2015,173.13,38.34,327,Very Poor
Delhi,30/01/2015,178.04,38.43,345,Very Poor
Delhi,31/01/2015,158.59,41.36,334,Very Poor
Delhi,01/02/2015,211.59,58.17,358,Very Poor
Delhi,02/02/2015,163.64,37.25,349,Very Poor
Delhi,03/02/2015,157.71,31.05,334,Very Poor
Delhi,04/02/2015,137.26,29.69,313,Very Poor
Delhi,05/02/2015,131.76,36.51,262,Poor
Delhi,06/02/2015,151.6,67,303,Very Poor
Delhi,07/02/2015,160.75,57.69,329,Very Poor
Delhi,08/02/2015,145.34,50.39,323,Very Poor
Delhi,09/02/2015,134.67,39.18,266,Poor
Delhi,10/02/2015,153.07,42.2,319,Very Poor
Delhi,11/02/2015,116.91,53.63,334,Very Poor
Delhi,12/02/2015,177.98,42.73,342,Very Poor
Delhi,13/02/2015,167.01,44.61,341,Very Poor
Delhi,14/02/2015,193.96,53.81,377,Very Poor
Delhi,15/02/2015,184.06,58.15,391,Very Poor
Delhi,16/02/2015,152.62,44.22,358,Very Poor
Delhi,17/02/2015,161.27,25.4,327,Very Poor
Delhi,18/02/2015,188.2,60.29,365,Very Poor
Delhi,19/02/2015,159.97,40.51,352,Very Poor
Delhi,20/02/2015,144.12,34.71,317,Very Poor
Delhi,21/02/2015,155.38,45.11,320,Very Poor
Delhi,22/02/2015,124.1,31.83,279,Poor
Delhi,23/02/2015,141.39,38.23,281,Poor
Delhi,24/02/2015,170.16,48.4,354,Very Poor
Delhi,25/02/2015,148.19,29.28,340,Very Poor
Delhi,26/02/2015,140.78,20.95,323,Very Poor
Delhi,27/02/2015,130.42,24.75,315,Very Poor
Delhi,28/02/2015,105.86,20.65,310,Very Poor
Delhi,01/03/2015,71.83,21.42,324,Very Poor
Delhi,02/03/2015,53.71,13.43,226,Poor
Delhi,03/03/2015,83.49,23.75,266,Poor
Delhi,04/03/2015,91.07,24.28,200,Moderate
Delhi,05/03/2015,106.57,31.12,275,Poor
Delhi,06/03/2015,101.75,26.59,322,Very Poor
Delhi,07/03/2015,77.57,19.15,216,Poor
Delhi,08/03/2015,63.24,20.35,108,Moderate
Delhi,09/03/2015,76.62,18.21,197,Moderate
Delhi,10/03/2015,86.7,18.82,238,Poor
Delhi,11/03/2015,104.29,25.63,274,Poor
Delhi,12/03/2015,115.93,32.29,315,Very Poor
Delhi,13/03/2015,108.66,30.75,307,Very Poor
Delhi,14/03/2015,67.94,29.78,208,Poor
Delhi,15/03/2015,38.89,17.76,165,Moderate
Delhi,16/03/2015,45.39,17.14,188,Moderate
Delhi,17/03/2015,55.55,20.96,217,Poor
Delhi,18/03/2015,50.59,16.6,191,Moderate
Delhi,19/03/2015,69.51,23.77,240,Poor
Delhi,20/03/2015,96.62,29.04,229,Poor
Delhi,21/03/2015,96.28,29.21,248,Poor
Delhi,22/03/2015,72.2,20.27,204,Poor
Delhi,23/03/2015,78.47,23.04,271,Poor
Delhi,24/03/2015,91.87,30.01,290,Poor
Delhi,25/03/2015,107.26,33.82,340,Very Poor
Delhi,26/03/2015,109.78,33.02,358,Very Poor
Delhi,27/03/2015,62.27,24.76,287,Poor
Delhi,28/03/2015,102.22,29.41,323,Very Poor
Delhi,29/03/2015,104.36,33.86,360,Very Poor
Delhi,30/03/2015,44.19,17.6,268,Poor
Delhi,31/03/2015,55.66,20.13,283,Poor
Delhi,01/04/2015,112.86,32.71,309,Very Poor
Delhi,02/04/2015,78.51,20.54,249,Poor
Delhi,03/04/2015,66.52,18.47,245,Poor
Delhi,04/04/2015,62.56,24.96,229,Poor
Delhi,05/04/2015,78.61,27.75,234,Poor
Delhi,06/04/2015,119.7,32.83,343,Very Poor
Delhi,07/04/2015,66.09,24.47,262,Poor
Delhi,08/04/2015,95.34,34.72,308,Very Poor
Delhi,09/04/2015,63.57,35.15,293,Poor
Delhi,10/04/2015,96.56,52.77,290,Poor
Delhi,11/04/2015,131.39,59.52,375,Very Poor
Delhi,12/04/2015,75.35,45.3,293,Poor
Delhi,13/04/2015,86.49,50.3,247,Poor
Delhi,14/04/2015,77.07,42.65,232,Poor
Delhi,15/04/2015,98.79,47.41,316,Very Poor
Delhi,16/04/2015,81.81,44.06,295,Poor
Delhi,17/04/2015,65.78,40.09,246,Poor
Delhi,18/04/2015,119.82,51.11,378,Very Poor
Delhi,19/04/2015,125.53,64.73,406,Severe
Delhi,20/04/2015,121.51,60.41,392,Very Poor
Delhi,21/04/2015,114.5,50.7,391,Very Poor
Delhi,22/04/2015,101.83,55.27,368,Very Poor
Delhi,23/04/2015,118.57,76.46,365,Very Poor
Delhi,24/04/2015,143.22,88.61,383,Very Poor
Delhi,25/04/2015,106.76,58.87,367,Very Poor
Delhi,26/04/2015,65.36,31.23,334,Very Poor
Delhi,27/04/2015,67.08,35.54,258,Poor
Delhi,28/04/2015,81.37,34.88,234,Poor
Delhi,29/04/2015,63.76,42.98,257,Poor
Delhi,30/04/2015,60.56,43.9,259,Poor
Delhi,01/05/2015,76.1,42.99,279,Poor
Delhi,02/05/2015,72.66,62.09,312,Very Poor
Delhi,03/05/2015,121.94,83.3,372,Very Poor
Delhi,04/05/2015,108.98,85.5,387,Very Poor
Delhi,05/05/2015,145.99,107.85,408,Severe
Delhi,06/05/2015,171.33,87.88,398,Very Poor
Delhi,07/05/2015,117.76,63.18,403,Severe
Delhi,08/05/2015,90.66,56.54,361,Very Poor
Delhi,09/05/2015,106.4,63.57,378,Very Poor
Delhi,10/05/2015,101.21,57.51,381,Very Poor
Delhi,11/05/2015,97.57,42.7,388,Very Poor
Delhi,12/05/2015,96.34,43.04,346,Very Poor
Delhi,13/05/2015,83.42,48.61,328,Very Poor
Delhi,14/05/2015,78.06,42.22,291,Poor
Delhi,15/05/2015,97.87,63.55,396,Very Poor
Delhi,16/05/2015,77.52,75.5,297,Poor
Delhi,17/05/2015,97.16,57.63,345,Very Poor
Delhi,18/05/2015,66.85,47.64,296,Poor
Delhi,19/05/2015,89.85,75.47,319,Very Poor
Delhi,20/05/2015,67.41,52.69,282,Poor
Delhi,21/05/2015,75.54,53.03,352,Very Poor
Delhi,22/05/2015,67.91,56.84,338,Very Poor
Delhi,23/05/2015,69.02,52.79,321,Very Poor
Delhi,24/05/2015,79.1,56.29,295,Poor
Delhi,25/05/2015,117.27,60.65,344,Very Poor
Delhi,26/05/2015,96.09,51.77,337,Very Poor
Delhi,27/05/2015,84.71,70.43,355,Very Poor
Delhi,28/05/2015,182.76,72.67,371,Very Poor
Delhi,29/05/2015,106.61,64.94,414,Severe
Delhi,30/05/2015,92.68,65.26,366,Very Poor
Delhi,31/05/2015,73.62,41.86,346,Very Poor
Delhi,01/06/2015,49.42,48.55,289,Poor
Delhi,02/06/2015,52.51,54.29,297,Poor
Delhi,03/06/2015,65.28,65.25,268,Poor
Delhi,04/06/2015,85.45,62.38,259,Poor
Delhi,05/06/2015,83.02,62.63,327,Very Poor
Delhi,06/06/2015,44.54,46.37,384,Very Poor
Delhi,07/06/2015,85.03,77.07,299,Poor
Delhi,08/06/2015,137.7,109.34,282,Poor
Delhi,09/06/2015,136.05,76.88,442,Severe
Delhi,10/06/2015,63.77,31.27,309,Very Poor
Delhi,11/06/2015,115.57,32.99,270,Poor
Delhi,12/06/2015,83.29,36.36,239,Poor
Delhi,13/06/2015,73.7,52.9,214,Poor
Delhi,14/06/2015,74.56,68.76,166,Moderate
Delhi,15/06/2015,106.11,72.79,234,Poor
Delhi,16/06/2015,132.21,81.57,331,Very Poor
Delhi,17/06/2015,123.56,70.96,327,Very Poor
Delhi,18/06/2015,132.21,94.25,313,Very Poor
Delhi,19/06/2015,110.65,65.21,284,Poor
Delhi,20/06/2015,80.31,52.7,239,Poor
Delhi,21/06/2015,59.73,50.78,149,Moderate
Delhi,22/06/2015,85.4,58.88,172,Moderate
Delhi,23/06/2015,101.99,61.18,226,Poor
Delhi,24/06/2015,126.07,60.31,261,Poor
Delhi,25/06/2015,37.59,44.72,188,Moderate
Delhi,26/06/2015,76,46.88,192,Moderate
Delhi,27/06/2015,69.46,38.55,207,Poor
Delhi,28/06/2015,79.84,47.19,219,Poor
Delhi,29/06/2015,48.5,38.37,193,Moderate
Delhi,30/06/2015,53.79,46.06,170,Moderate
Delhi,01/07/2015,57.99,49.64,185,Moderate
Delhi,02/07/2015,67.12,52.45,220,Poor
Delhi,03/07/2015,65.25,37.09,225,Poor
Delhi,04/07/2015,88.75,35.54,250,Poor
Delhi,05/07/2015,135.92,36.89,282,Poor
Delhi,06/07/2015,60.27,44.07,298,Poor
Delhi,07/07/2015,52.2,51.7,175,Moderate
Delhi,08/07/2015,67.92,52.69,217,Poor
Delhi,09/07/2015,65.95,53.39,234,Poor
Delhi,10/07/2015,47.68,46.71,188,Moderate
Delhi,11/07/2015,29.08,51.39,253,Poor
Delhi,12/07/2015,32.29,32.77,198,Moderate
Delhi,13/07/2015,36.68,37.71,148,Moderate
Delhi,14/07/2015,44.48,43.46,141,Moderate
Delhi,15/07/2015,63.79,38.05,218,Poor
Delhi,16/07/2015,77.2,36.72,268,Poor
Delhi,17/07/2015,77.99,42.07,232,Poor
Delhi,18/07/2015,71.11,48.79,204,Poor
Delhi,19/07/2015,67.39,52.87,220,Poor
Delhi,20/07/2015,49.58,62.37,223,Poor
Delhi,21/07/2015,40.97,46.3,218,Poor
Delhi,22/07/2015,38.97,41.41,165,Moderate
Delhi,23/07/2015,34.02,39.98,155,Moderate
Delhi,24/07/2015,46.13,43.99,154,Moderate
Delhi,25/07/2015,46.01,42.86,184,Moderate
Delhi,26/07/2015,29.81,30.66,150,Moderate
Delhi,27/07/2015,22.82,33.21,125,Moderate
Delhi,28/07/2015,24.69,40.25,160,Moderate
Delhi,29/07/2015,29.04,35.69,142,Moderate
Delhi,30/07/2015,25.76,32.96,181,Moderate
Delhi,31/07/2015,37.85,35.9,196,Moderate
Delhi,01/08/2015,41.32,35.14,181,Moderate
Delhi,02/08/2015,47.81,37.96,213,Poor
Delhi,03/08/2015,56.02,40.17,175,Moderate
Delhi,04/08/2015,54.46,46.74,184,Moderate
Delhi,05/08/2015,59.13,52.78,228,Poor
Delhi,06/08/2015,65.47,52.51,214,Poor
Delhi,07/08/2015,64.58,48.24,254,Poor
Delhi,08/08/2015,70.05,50.51,258,Poor
Delhi,09/08/2015,55.51,39.47,244,Poor
Delhi,10/08/2015,82.27,45.46,209,Poor
Delhi,11/08/2015,77.04,49.43,283,Poor
Delhi,12/08/2015,52.45,45.71,223,Poor
Delhi,13/08/2015,61.66,52.76,205,Poor
Delhi,14/08/2015,65.67,50.96,252,Poor
Delhi,15/08/2015,51.4,44.4,198,Moderate
Delhi,16/08/2015,55.71,48.39,197,Moderate
Delhi,17/08/2015,61.84,44.41,184,Moderate
Delhi,18/08/2015,60.65,56.15,197,Moderate
Delhi,19/08/2015,34.42,36.47,140,Moderate
Delhi,20/08/2015,40.83,32,232,Poor
Delhi,21/08/2015,50.97,35.87,271,Poor
Delhi,22/08/2015,46.74,40.28,207,Poor
Delhi,23/08/2015,44.67,33.76,127,Moderate
Delhi,24/08/2015,37.39,44.61,123,Moderate
Delhi,25/08/2015,52.06,39.88,175,Moderate
Delhi,26/08/2015,57.52,37.85,245,Poor
Delhi,27/08/2015,61.47,40.41,248,Poor
Delhi,28/08/2015,77.76,50.74,247,Poor
Delhi,29/08/2015,68.53,49.3,292,Poor
Delhi,30/08/2015,57.85,39.84,266,Poor
Delhi,31/08/2015,51.67,32.53,288,Poor
Delhi,01/09/2015,73.78,27.42,210,Poor
Delhi,02/09/2015,97.63,29.16,298,Poor
Delhi,03/09/2015,99.5,35.31,315,Very Poor
Delhi,04/09/2015,97.31,41.7,368,Very Poor
Delhi,05/09/2015,76.43,29.5,266,Poor
Delhi,06/09/2015,61.69,27.81,174,Moderate
Delhi,07/09/2015,55.19,35.49,199,Moderate
Delhi,08/09/2015,63.79,38.36,217,Poor
Delhi,09/09/2015,58.48,36.2,238,Poor
Delhi,10/09/2015,60.29,42.1,230,Poor
Delhi,11/09/2015,67.35,46.81,218,Poor
Delhi,12/09/2015,87.55,54.45,226,Poor
Delhi,13/09/2015,84.57,45.36,202,Poor
Delhi,14/09/2015,111.58,60.71,274,Poor
Delhi,15/09/2015,108.78,56.31,289,Poor
Delhi,16/09/2015,91.18,46.44,235,Poor
Delhi,17/09/2015,104.85,60.96,285,Poor
Delhi,18/09/2015,56.19,43.3,209,Poor
Delhi,19/09/2015,67.62,49.83,132,Moderate
Delhi,20/09/2015,64.38,62.73,179,Moderate
Delhi,21/09/2015,45.65,62.69,136,Moderate
Delhi,22/09/2015,35.75,38.78,104,Moderate
Delhi,23/09/2015,34.89,31.17,95,Satisfactory
Delhi,24/09/2015,63.06,39.16,175,Moderate
Delhi,25/09/2015,82.39,45.09,290,Poor
Delhi,26/09/2015,88.08,45.96,282,Poor
Delhi,27/09/2015,89.75,44.13,298,Poor
Delhi,28/09/2015,69.57,43.41,240,Poor
Delhi,29/09/2015,68.34,48.19,188,Moderate
Delhi,30/09/2015,61.08,42.91,187,Moderate
Delhi,01/10/2015,85.7,54.68,230,Poor
Delhi,02/10/2015,97.62,52.53,286,Poor
Delhi,03/10/2015,103.58,54.93,266,Poor
Delhi,04/10/2015,145.97,62.84,369,Very Poor
Delhi,05/10/2015,180.52,75.42,375,Very Poor
Delhi,06/10/2015,151.57,65.07,411,Severe
Delhi,07/10/2015,144.04,57.05,383,Very Poor
Delhi,08/10/2015,148.44,58.32,388,Very Poor
Delhi,09/10/2015,130.22,65.15,351,Very Poor
Delhi,10/10/2015,147.71,61.29,320,Very Poor
Delhi,11/10/2015,111.34,51.83,296,Poor
Delhi,12/10/2015,100.7,52.92,312,Very Poor
Delhi,13/10/2015,97.67,48.92,260,Poor
Delhi,14/10/2015,75.81,43.47,204,Poor
Delhi,15/10/2015,95.24,60.8,218,Poor
Delhi,16/10/2015,148.29,68.24,356,Very Poor
Delhi,17/10/2015,90.66,20.29,388,Very Poor
Delhi,18/10/2015,156.71,41.09,298,Poor
Delhi,19/10/2015,170.28,61.67,392,Very Poor
Delhi,20/10/2015,198.1,74.62,428,Severe
Delhi,21/10/2015,158.04,46.9,384,Very Poor
Delhi,22/10/2015,116.98,32.96,292,Poor
Delhi,23/10/2015,143.73,67.38,343,Very Poor
Delhi,24/10/2015,169.22,71.38,383,Very Poor
Delhi,25/10/2015,147.65,56.46,374,Very Poor
Delhi,26/10/2015,101.61,47.8,263,Poor
Delhi,27/10/2015,113.2,49.25,334,Very Poor
Delhi,28/10/2015,112.89,43.78,333,Very Poor
Delhi,29/10/2015,95.72,57.74,262,Poor
Delhi,30/10/2015,108.4,42.63,236,Poor
Delhi,31/10/2015,245.97,35.11,340,Very Poor
Delhi,01/11/2015,277.53,60.17,415,Severe
Delhi,02/11/2015,232.4,68.4,420,Severe
Delhi,03/11/2015,244.78,82.74,407,Severe
Delhi,04/11/2015,293.49,87.47,454,Severe
Delhi,05/11/2015,161.78,63.78,388,Very Poor
Delhi,06/11/2015,153.33,58.13,276,Poor
Delhi,07/11/2015,353.86,86.59,483,Severe
Delhi,08/11/2015,217.55,75.98,451,Severe
Delhi,09/11/2015,201.44,79.2,378,Very Poor
Delhi,10/11/2015,249.95,84.89,439,Severe
Delhi,11/11/2015,219.68,55.72,431,Severe
Delhi,12/11/2015,258.48,54.69,421,Severe
Delhi,13/11/2015,291.66,61.66,454,Severe
Delhi,14/11/2015,221.68,60.05,450,Severe
Delhi,15/11/2015,214.24,83.62,367,Very Poor
Delhi,16/11/2015,184.02,85.03,383,Very Poor
Delhi,17/11/2015,136.22,57.11,347,Very Poor
Delhi,18/11/2015,188.09,74.39,369,Very Poor
Delhi,19/11/2015,238.69,96.62,392,Very Poor
Delhi,20/11/2015,271.42,101.44,455,Severe
Delhi,21/11/2015,293.73,97.76,450,Severe
Delhi,22/11/2015,247.27,92.32,478,Severe
Delhi,23/11/2015,266.95,105.29,431,Severe
Delhi,24/11/2015,241.61,88.74,440,Severe
Delhi,25/11/2015,149.14,54.63,376,Very Poor
Delhi,26/11/2015,182.5,69.29,347,Very Poor
Delhi,27/11/2015,193.58,71.35,343,Very Poor
Delhi,28/11/2015,172.89,47.21,362,Very Poor
Delhi,29/11/2015,190.46,51.84,319,Very Poor
Delhi,30/11/2015,282.76,78.48,425,Severe
Delhi,01/12/2015,183.28,83.03,400,Very Poor
Delhi,02/12/2015,170.74,95.99,386,Very Poor
Delhi,03/12/2015,190.14,92.91,385,Very Poor
Delhi,04/12/2015,186.64,79.52,392,Very Poor
Delhi,05/12/2015,282.01,121.11,428,Severe
Delhi,06/12/2015,218.22,113.45,394,Very Poor
Delhi,07/12/2015,249.8,103.77,440,Severe
Delhi,08/12/2015,283.59,140.09,437,Severe
Delhi,09/12/2015,250.69,93.99,431,Severe
Delhi,10/12/2015,211.95,78.05,383,Very Poor
Delhi,11/12/2015,198.38,64.21,377,Very Poor
Delhi,12/12/2015,184.12,55.01,379,Very Poor
Delhi,13/12/2015,135.42,63.9,333,Very Poor
Delhi,14/12/2015,118.6,59.09,314,Very Poor
Delhi,15/12/2015,88.3,40.52,174,Moderate
Delhi,16/12/2015,111.45,34.44,244,Poor
Delhi,17/12/2015,152.24,23.07,308,Very Poor
Delhi,18/12/2015,136.75,25.24,320,Very Poor
Delhi,19/12/2015,114.35,26.84,270,Poor
Delhi,20/12/2015,181.67,111.18,320,Very Poor
Delhi,21/12/2015,135.78,78.99,313,Very Poor
Delhi,22/12/2015,204.72,136.15,326,Very Poor
Delhi,23/12/2015,321.52,102.69,459,Severe
Delhi,24/12/2015,129.08,55.01,314,Very Poor
Delhi,25/12/2015,132.56,71.91,304,Very Poor
Delhi,26/12/2015,158.69,88.96,310,Very Poor
Delhi,27/12/2015,187.01,90.57,370,Very Poor
Delhi,28/12/2015,148.77,75.69,328,Very Poor
Delhi,29/12/2015,159.67,73.11,331,Very Poor
Delhi,30/12/2015,233.97,87.4,412,Severe
Delhi,31/12/2015,240.97,72.93,433,Severe
Delhi,01/01/2016,295.71,94.04,463,Severe
Delhi,02/01/2016,239.21,81.22,465,Severe
Delhi,03/01/2016,270.1,76.67,426,Severe
Delhi,04/01/2016,339.8,133.95,496,Severe
Delhi,05/01/2016,318.1,118.81,528,Severe
Delhi,06/01/2016,305.51,103.78,538,Severe
Delhi,07/01/2016,391.54,96.36,535,Severe
Delhi,08/01/2016,339.87,67.85,603,Severe
Delhi,09/01/2016,158.43,60.63,408,Severe
Delhi,10/01/2016,183.24,68.86,368,Very Poor
Delhi,11/01/2016,227.13,76.4,404,Severe
Delhi,12/01/2016,195.21,78.61,444,Severe
Delhi,13/01/2016,248.59,73.18,356,Very Poor
Delhi,14/01/2016,196.87,55.91,397,Very Poor
Delhi,15/01/2016,178.8,45.85,371,Very Poor
Delhi,16/01/2016,138.86,41.92,311,Very Poor
Delhi,17/01/2016,179.48,58.56,321,Very Poor
Delhi,18/01/2016,269.05,78.22,424,Severe
Delhi,19/01/2016,278.2,61.04,435,Severe
Delhi,20/01/2016,272.1,56.67,455,Severe
Delhi,21/01/2016,196.83,52.83,398,Very Poor
Delhi,22/01/2016,290.66,73.9,399,Very Poor
Delhi,23/01/2016,294.3,78.21,469,Severe
Delhi,24/01/2016,303.5,64.55,488,Severe
Delhi,25/01/2016,217.05,66.89,401,Severe
Delhi,26/01/2016,308.75,80.14,446,Severe
Delhi,27/01/2016,255.94,87.93,456,Severe
Delhi,28/01/2016,283.03,90.45,451,Severe
Delhi,29/01/2016,311.08,117.07,501,Severe
Delhi,30/01/2016,285.83,111.19,505,Severe
Delhi,31/01/2016,242.05,46.17,437,Severe
Delhi,01/02/2016,121.4,60.12,305,Very Poor
Delhi,02/02/2016,135.31,63.6,292,Poor
Delhi,03/02/2016,136.87,61.81,306,Very Poor
Delhi,04/02/2016,130.76,67.45,300,Poor
Delhi,05/02/2016,206.72,86.15,371,Very Poor
Delhi,06/02/2016,224.94,85.86,408,Severe
Delhi,07/02/2016,170.45,72.61,343,Very Poor
Delhi,08/02/2016,119.57,57,301,Very Poor
Delhi,09/02/2016,181.76,65.45,322,Very Poor
Delhi,10/02/2016,216.55,81.98,368,Very Poor
Delhi,11/02/2016,150,70.99,349,Very Poor
Delhi,12/02/2016,146.03,79.43,334,Very Poor
Delhi,13/02/2016,110.89,56.05,333,Very Poor
Delhi,14/02/2016,103.57,61.73,257,Poor
Delhi,15/02/2016,115.7,66.8,265,Poor
Delhi,16/02/2016,123.22,65.75,297,Poor
Delhi,17/02/2016,135.38,80.76,289,Poor
Delhi,18/02/2016,148.75,76.11,310,Very Poor
Delhi,19/02/2016,207.1,66.45,366,Very Poor
Delhi,20/02/2016,150.89,47.72,345,Very Poor
Delhi,21/02/2016,76.12,30.51,228,Poor
Delhi,22/02/2016,88.73,41.47,213,Poor
Delhi,23/02/2016,86.17,56.77,208,Poor
Delhi,24/02/2016,177.64,117.04,319,Very Poor
Delhi,25/02/2016,131.69,81.93,315,Very Poor
Delhi,26/02/2016,129.66,76.82,293,Poor
Delhi,27/02/2016,144.98,86.59,342,Very Poor
Delhi,28/02/2016,163.92,76.43,338,Very Poor
Delhi,29/02/2016,170.12,76.4,344,Very Poor
Delhi,01/03/2016,213.62,102.02,370,Very Poor
Delhi,02/03/2016,175.63,102.23,365,Very Poor
Delhi,03/03/2016,165.22,100.71,348,Very Poor
Delhi,04/03/2016,115.55,60.47,312,Very Poor
Delhi,05/03/2016,53,48.15,214,Poor
Delhi,06/03/2016,47.43,55.78,165,Moderate
Delhi,07/03/2016,98.61,54.69,218,Poor
Delhi,08/03/2016,84.42,43.9,230,Poor
Delhi,09/03/2016,109.16,49.75,248,Poor
Delhi,10/03/2016,129.9,60.19,276,Poor
Delhi,11/03/2016,85.76,30.44,213,Poor
Delhi,12/03/2016,60.17,15.89,127,Moderate
Delhi,13/03/2016,58.95,10.63,112,Moderate
Delhi,14/03/2016,51.82,38.11,111,Moderate
Delhi,15/03/2016,81.32,34.54,193,Moderate
Delhi,16/03/2016,67.63,36.61,123,Moderate
Delhi,17/03/2016,70.86,65.89,194,Moderate
Delhi,18/03/2016,72.47,64.64,186,Moderate
Delhi,19/03/2016,103.73,77.89,242,Poor
Delhi,20/03/2016,95.52,57.84,267,Poor
Delhi,21/03/2016,58.4,36.37,207,Poor
Delhi,22/03/2016,47.43,31.12,176,Moderate
Delhi,23/03/2016,80.01,50.45,189,Moderate
Delhi,24/03/2016,156.01,88.44,341,Very Poor
Delhi,25/03/2016,137.99,85.91,325,Very Poor
Delhi,26/03/2016,72.44,42.51,259,Poor
Delhi,27/03/2016,61.75,37.18,178,Moderate
Delhi,28/03/2016,81.46,53.01,219,Poor
Delhi,29/03/2016,89.75,48.72,206,Poor
Delhi,30/03/2016,88.68,46.74,221,Poor
Delhi,31/03/2016,127.86,61.21,298,Poor
Delhi,01/04/2016,130.7,15.89,316,Very Poor
Delhi,02/04/2016,118.44,18.29,294,Poor
Delhi,03/04/2016,148.22,44.98,314,Very Poor
Delhi,04/04/2016,132.86,31.55,334,Very Poor
Delhi,05/04/2016,97.83,20.15,261,Poor
Delhi,06/04/2016,91.82,52.54,208,Poor
Delhi,07/04/2016,129.61,58.6,289,Poor
Delhi,08/04/2016,89.78,53.55,216,Poor
Delhi,09/04/2016,166.76,63.03,314,Very Poor
Delhi,10/04/2016,107.81,47.95,262,Poor
Delhi,11/04/2016,81.12,36.5,257,Poor
Delhi,12/04/2016,74.03,35.44,235,Poor
Delhi,13/04/2016,74.9,46.29,239,Poor
Delhi,14/04/2016,94.81,58.81,239,Poor
Delhi,15/04/2016,137.48,76.2,302,Very Poor
Delhi,16/04/2016,124.13,37.49,296,Poor
Delhi,17/04/2016,102.86,42.35,247,Poor
Delhi,18/04/2016,102.9,49.32,265,Poor
Delhi,19/04/2016,129.06,63.21,301,Very Poor
Delhi,20/04/2016,124.8,48.65,322,Very Poor
Delhi,21/04/2016,92.74,42.87,291,Poor
Delhi,22/04/2016,113.75,44.8,292,Poor
Delhi,23/04/2016,89.52,50.78,258,Poor
Delhi,24/04/2016,123.59,69.92,282,Poor
Delhi,25/04/2016,104.5,70.04,271,Poor
Delhi,26/04/2016,139.37,97.93,314,Very Poor
Delhi,27/04/2016,162.54,108.53,377,Very Poor
Delhi,28/04/2016,161.23,80.4,390,Very Poor
Delhi,29/04/2016,181.49,88.26,392,Very Poor
Delhi,30/04/2016,142.64,51.53,342,Very Poor
Delhi,01/05/2016,124.21,52.3,297,Poor
Delhi,02/05/2016,119.47,41.26,275,Poor
Delhi,03/05/2016,125.36,59.73,281,Poor
Delhi,04/05/2016,103.08,61.77,309,Very Poor
Delhi,05/05/2016,65.02,46.27,262,Poor
Delhi,06/05/2016,54.34,55.07,194,Moderate
Delhi,07/05/2016,77.89,66.68,229,Poor
Delhi,08/05/2016,90.19,64.2,246,Poor
Delhi,09/05/2016,77.34,48.67,225,Poor
Delhi,10/05/2016,73.55,57.52,221,Poor
Delhi,11/05/2016,66.49,52.3,185,Moderate
Delhi,12/05/2016,100.09,64.25,218,Poor
Delhi,13/05/2016,99.88,60.29,310,Very Poor
Delhi,14/05/2016,105.51,67.71,307,Very Poor
Delhi,15/05/2016,128.85,57.06,325,Very Poor
Delhi,16/05/2016,94.89,58.46,316,Very Poor
Delhi,17/05/2016,92.95,62.4,302,Very Poor
Delhi,18/05/2016,117.64,80.57,318,Very Poor
Delhi,19/05/2016,94.22,67.73,300,Poor
Delhi,20/05/2016,70.86,52.02,246,Poor
Delhi,21/05/2016,78.02,48.23,255,Poor
Delhi,22/05/2016,66.3,53.42,218,Poor
Delhi,23/05/2016,87.31,45.86,252,Poor
Delhi,24/05/2016,57.35,43.57,190,Moderate
Delhi,25/05/2016,105.02,50.77,256,Poor
Delhi,26/05/2016,111.22,48.12,311,Very Poor
Delhi,27/05/2016,180.71,50.38,381,Very Poor
Delhi,28/05/2016,109.82,34.37,409,Severe
Delhi,29/05/2016,42.67,35.71,269,Poor
Delhi,30/05/2016,56.87,50.18,187,Moderate
Delhi,31/05/2016,101.54,49.41,225,Poor
Delhi,01/06/2016,76.56,44.55,283,Poor
Delhi,02/06/2016,81.4,49.88,316,Very Poor
Delhi,03/06/2016,138.97,74.99,361,Very Poor
Delhi,04/06/2016,137.81,75.26,330,Very Poor
Delhi,05/06/2016,77.72,36.69,256,Poor
Delhi,06/06/2016,84.61,45.47,237,Poor
Delhi,07/06/2016,66.72,45.5,246,Poor
Delhi,08/06/2016,64.08,57.31,202,Poor
Delhi,09/06/2016,64.95,49.67,209,Poor
Delhi,10/06/2016,75.75,51.75,262,Poor
Delhi,11/06/2016,69.25,38.84,280,Poor
Delhi,12/06/2016,70.71,40.04,279,Poor
Delhi,13/06/2016,96.72,34.52,357,Very Poor
Delhi,14/06/2016,59.02,38.55,266,Poor
Delhi,15/06/2016,102.42,37.74,330,Very Poor
Delhi,16/06/2016,62.37,30.44,248,Poor
Delhi,17/06/2016,67.76,41.27,172,Moderate
Delhi,18/06/2016,79.17,33.98,234,Poor
Delhi,19/06/2016,101.31,32.55,201,Poor
Delhi,20/06/2016,83.1,40.24,206,Poor
Delhi,21/06/2016,72.33,32.04,159,Moderate
Delhi,22/06/2016,75.14,31.89,187,Moderate
Delhi,23/06/2016,91.63,37.7,228,Poor
Delhi,24/06/2016,100.02,45.29,284,Poor
Delhi,25/06/2016,67.12,50.91,310,Very Poor
Delhi,26/06/2016,48,40.57,158,Moderate
Delhi,27/06/2016,76.76,37.28,154,Moderate
Delhi,28/06/2016,80.89,40.07,187,Moderate
Delhi,29/06/2016,60.67,37.01,180,Moderate
Delhi,30/06/2016,69.65,34.17,190,Moderate
Delhi,01/07/2016,58.21,29.28,164,Moderate
Delhi,02/07/2016,57.24,33.9,148,Moderate
Delhi,03/07/2016,67.6,36.79,154,Moderate
Delhi,04/07/2016,57.1,37.93,160,Moderate
Delhi,05/07/2016,68.71,47.24,165,Moderate
Delhi,06/07/2016,77.71,34.78,210,Poor
Delhi,07/07/2016,54.5,27.69,158,Moderate
Delhi,08/07/2016,54.96,42.07,172,Moderate
Delhi,09/07/2016,52.95,30.77,151,Moderate
Delhi,10/07/2016,59.13,35.91,143,Moderate
Delhi,11/07/2016,60.92,33.57,156,Moderate
Delhi,12/07/2016,39.32,32.55,108,Moderate
Delhi,13/07/2016,71.53,31.96,163,Moderate
Delhi,14/07/2016,73.51,29.7,247,Poor
Delhi,15/07/2016,52.88,29.17,123,Moderate
Delhi,16/07/2016,50.99,22.38,106,Moderate
Delhi,17/07/2016,75.93,15.75,202,Poor
Delhi,18/07/2016,44.08,32.85,120,Moderate
Delhi,19/07/2016,42.14,31.4,135,Moderate
Delhi,20/07/2016,56.86,34.96,245,Poor
Delhi,21/07/2016,45.64,37.8,280,Poor
Delhi,22/07/2016,48.36,37.42,269,Poor
Delhi,23/07/2016,42.09,23.88,163,Moderate
Delhi,24/07/2016,59.4,56.56,,
Delhi,25/07/2016,76.29,58.4,195,Moderate
Delhi,26/07/2016,54.5,40.48,163,Moderate
Delhi,27/07/2016,40.55,40.86,108,Moderate
Delhi,28/07/2016,46.44,42.81,134,Moderate
Delhi,29/07/2016,56.16,44.18,155,Moderate
Delhi,30/07/2016,42.7,36.78,116,Moderate
Delhi,31/07/2016,48.03,32.5,136,Moderate
Delhi,01/08/2016,43.47,29.86,150,Moderate
Delhi,02/08/2016,43.55,34.87,121,Moderate
Delhi,03/08/2016,50.86,36.14,149,Moderate
Delhi,04/08/2016,49.04,35.93,178,Moderate
Delhi,05/08/2016,39.3,33.68,120,Moderate
Delhi,06/08/2016,43.86,38.29,140,Moderate
Delhi,07/08/2016,42.84,31.42,142,Moderate
Delhi,08/08/2016,44.04,34.27,141,Moderate
Delhi,09/08/2016,41.29,29.05,125,Moderate
Delhi,10/08/2016,39.28,30.76,127,Moderate
Delhi,11/08/2016,30.66,29.78,119,Moderate
Delhi,12/08/2016,42.15,34.9,111,Moderate
Delhi,13/08/2016,56.45,43.49,132,Moderate
Delhi,14/08/2016,40.81,42.53,149,Moderate
Delhi,15/08/2016,39.51,32.96,166,Moderate
Delhi,16/08/2016,49.04,28.74,274,Poor
Delhi,17/08/2016,62.19,36.46,295,Poor
Delhi,18/08/2016,55.55,51.48,219,Poor
Delhi,19/08/2016,59.03,43.97,169,Moderate
Delhi,20/08/2016,48.57,35.84,174,Moderate
Delhi,21/08/2016,28.01,27.58,111,Moderate
Delhi,22/08/2016,28.6,31.31,93,Satisfactory
Delhi,23/08/2016,38.99,39.47,107,Moderate
Delhi,24/08/2016,43.35,32.04,127,Moderate
Delhi,25/08/2016,45.88,35.41,93,Satisfactory
Delhi,26/08/2016,54.13,35.61,142,Moderate
Delhi,27/08/2016,56.56,20.84,93,Satisfactory
Delhi,28/08/2016,57.09,28.7,224,Poor
Delhi,29/08/2016,54.73,37.48,169,Moderate
Delhi,30/08/2016,48.93,42.73,110,Moderate
Delhi,31/08/2016,37.1,41.82,100,Satisfactory
Delhi,01/09/2016,28.06,51.78,109,Moderate
Delhi,02/09/2016,44.31,41.71,154,Moderate
Delhi,03/09/2016,46.77,40.85,216,Poor
Delhi,04/09/2016,57.64,31.96,262,Poor
Delhi,05/09/2016,45.37,33.42,260,Poor
Delhi,06/09/2016,50.42,34.74,329,Very Poor
Delhi,07/09/2016,50.73,39.21,291,Poor
Delhi,08/09/2016,71.72,39.69,300,Poor
Delhi,09/09/2016,87.99,43.67,335,Very Poor
Delhi,10/09/2016,45.7,38.14,240,Poor
Delhi,11/09/2016,45.89,40.58,177,Moderate
Delhi,12/09/2016,49.7,39.41,178,Moderate
Delhi,13/09/2016,57.08,43.84,193,Moderate
Delhi,14/09/2016,47.36,45.6,150,Moderate
Delhi,15/09/2016,79.99,54.73,215,Poor
Delhi,16/09/2016,67.11,57.22,233,Poor
Delhi,17/09/2016,81.9,56.8,220,Poor
Delhi,18/09/2016,86.16,56.82,266,Poor
Delhi,19/09/2016,75.02,67.37,192,Moderate
Delhi,20/09/2016,94.23,86.2,264,Poor
Delhi,21/09/2016,89.62,70,284,Poor
Delhi,22/09/2016,32.73,44.35,150,Moderate
Delhi,23/09/2016,55.64,57.24,134,Moderate
Delhi,24/09/2016,56.46,53.66,197,Moderate
Delhi,25/09/2016,56.64,55.69,175,Moderate
Delhi,26/09/2016,89.09,68.3,236,Poor
Delhi,27/09/2016,52.49,41.03,185,Moderate
Delhi,28/09/2016,105.43,100.66,103,Moderate
Delhi,29/09/2016,101.84,63,289,Poor
Delhi,30/09/2016,84.33,65.05,224,Poor
Delhi,01/10/2016,117.28,73.71,312,Very Poor
Delhi,02/10/2016,81.87,59.82,234,Poor
Delhi,03/10/2016,103.12,66.31,282,Poor
Delhi,04/10/2016,159.8,78.18,351,Very Poor
Delhi,05/10/2016,81.71,77.96,232,Poor
Delhi,06/10/2016,117.86,87.85,280,Poor
Delhi,07/10/2016,114.06,74.99,311,Very Poor
Delhi,08/10/2016,132.11,76.99,408,Severe
Delhi,09/10/2016,144.47,92.64,416,Severe
Delhi,10/10/2016,125.8,88.86,387,Very Poor
Delhi,11/10/2016,134.84,83.87,408,Severe
Delhi,12/10/2016,114.3,83.3,405,Severe
Delhi,13/10/2016,86.93,81.11,371,Very Poor
Delhi,14/10/2016,94.83,87.15,375,Very Poor
Delhi,15/10/2016,144.98,108.83,400,Very Poor
Delhi,16/10/2016,132.01,89.01,430,Severe
Delhi,17/10/2016,149.35,94.29,425,Severe
Delhi,18/10/2016,161.49,95.27,438,Severe
Delhi,19/10/2016,140.57,91.52,428,Severe
Delhi,20/10/2016,135.9,90.28,425,Severe
Delhi,21/10/2016,161.11,88.27,496,Severe
Delhi,22/10/2016,140.92,84.96,472,Severe
Delhi,23/10/2016,182.14,90.22,470,Severe
Delhi,24/10/2016,164.51,88.17,454,Severe
Delhi,25/10/2016,115.76,82.7,396,Very Poor
Delhi,26/10/2016,209.27,111.23,413,Severe
Delhi,27/10/2016,296.27,120.07,558,Severe
Delhi,28/10/2016,318.57,119.42,570,Severe
Delhi,29/10/2016,350.39,162.5,554,Severe
Delhi,30/10/2016,355.77,112.59,522,Severe
Delhi,31/10/2016,434.92,113.21,520,Severe
Delhi,01/11/2016,394.59,120.66,550,Severe
Delhi,02/11/2016,537.96,149.12,593,Severe
Delhi,03/11/2016,482.4,148.92,625,Severe
Delhi,04/11/2016,342.45,131.92,480,Severe
Delhi,05/11/2016,588.39,113.31,603,Severe
Delhi,06/11/2016,685.36,128.15,676,Severe
Delhi,07/11/2016,488.57,123.36,716,Severe
Delhi,08/11/2016,338.38,92.18,542,Severe
Delhi,09/11/2016,307.08,103.26,455,Severe
Delhi,10/11/2016,291.71,133.98,471,Severe
Delhi,11/11/2016,295.88,147.03,514,Severe
Delhi,12/11/2016,277.67,127.18,491,Severe
Delhi,13/11/2016,228.16,113.74,469,Severe
Delhi,14/11/2016,194.2,119.58,404,Severe
Delhi,15/11/2016,236.09,116.66,379,Very Poor
Delhi,16/11/2016,291.98,109.65,428,Severe
Delhi,17/11/2016,351.47,96.23,504,Severe
Delhi,18/11/2016,237.21,102.95,512,Severe
Delhi,19/11/2016,285.71,114.11,494,Severe
Delhi,20/11/2016,323.74,117.17,438,Severe
Delhi,21/11/2016,340.61,128.85,474,Severe
Delhi,22/11/2016,281.76,111.52,471,Severe
Delhi,23/11/2016,174.56,98.73,432,Severe
Delhi,24/11/2016,216.1,109.5,397,Very Poor
Delhi,25/11/2016,136.21,68.9,375,Very Poor
Delhi,26/11/2016,113.3,70.01,330,Very Poor
Delhi,27/11/2016,128.7,71.29,347,Very Poor
Delhi,28/11/2016,127.5,82.99,274,Poor
Delhi,29/11/2016,236.58,133.28,360,Very Poor
Delhi,30/11/2016,246.25,95.64,441,Severe
Delhi,01/12/2016,263.61,83.15,418,Severe
Delhi,02/12/2016,263.25,101.67,474,Severe
Delhi,03/12/2016,196.6,97.75,419,Severe
Delhi,04/12/2016,223.3,109.4,379,Very Poor
Delhi,05/12/2016,204.6,78.79,389,Very Poor
Delhi,06/12/2016,293.91,96.68,402,Severe
Delhi,07/12/2016,283.61,81.86,472,Severe
Delhi,08/12/2016,238.21,72.44,422,Severe
Delhi,09/12/2016,295.62,71.44,443,Severe
Delhi,10/12/2016,189.09,58.86,413,Severe
Delhi,11/12/2016,199.12,50.79,351,Very Poor
Delhi,12/12/2016,210.28,76.9,418,Severe
Delhi,13/12/2016,209.91,76.81,413,Severe
Delhi,14/12/2016,154.55,66.38,379,Very Poor
Delhi,15/12/2016,167.64,61.53,359,Very Poor
Delhi,16/12/2016,200.78,85.26,390,Very Poor
Delhi,17/12/2016,229.35,88.54,437,Severe
Delhi,18/12/2016,232.33,86.92,411,Severe
Delhi,19/12/2016,236.24,88.02,443,Severe
Delhi,20/12/2016,161.92,68.35,377,Very Poor
Delhi,21/12/2016,131.95,66.67,317,Very Poor
Delhi,22/12/2016,187.3,82.03,349,Very Poor
Delhi,23/12/2016,364.15,122.88,470,Severe
Delhi,24/12/2016,411.8,114.03,576,Severe
Delhi,25/12/2016,232.41,59.88,412,Severe
Delhi,26/12/2016,154.26,65.49,338,Very Poor
Delhi,27/12/2016,213.2,93.45,319,Very Poor
Delhi,28/12/2016,273.82,129.41,455,Severe
Delhi,29/12/2016,339.96,108.76,524,Severe
Delhi,30/12/2016,231.1,62.46,381,Very Poor
Delhi,31/12/2016,211.16,56.66,338,Very Poor
Delhi,01/01/2017,191.5,66.19,332,Very Poor
Delhi,02/01/2017,247.79,95.55,384,Very Poor
Delhi,03/01/2017,255.33,90.79,373,Very Poor
Delhi,04/01/2017,248.01,91.07,439,Severe
Delhi,05/01/2017,215.42,87.15,318,Very Poor
Delhi,06/01/2017,194.12,65.86,390,Very Poor
Delhi,07/01/2017,154.52,38.85,332,Very Poor
Delhi,08/01/2017,136.98,52.31,283,Poor
Delhi,09/01/2017,141.88,64.33,300,Poor
Delhi,10/01/2017,108.26,59.2,305,Very Poor
Delhi,11/01/2017,146.04,67.72,337,Very Poor
Delhi,12/01/2017,216.73,79.35,417,Severe
Delhi,13/01/2017,232.37,85.07,426,Severe
Delhi,14/01/2017,309.28,84.75,439,Severe
Delhi,15/01/2017,222.66,63.97,382,Very Poor
Delhi,16/01/2017,188.08,60.94,397,Very Poor
Delhi,17/01/2017,177.67,51.44,330,Very Poor
Delhi,18/01/2017,218.63,66.94,358,Very Poor
Delhi,19/01/2017,227.68,55.95,376,Very Poor
Delhi,20/01/2017,217.55,63.7,334,Very Poor
Delhi,21/01/2017,349.98,63.36,387,Very Poor
Delhi,22/01/2017,286.6,63.71,446,Severe
Delhi,23/01/2017,189.45,67.27,379,Very Poor
Delhi,24/01/2017,230.94,92.12,375,Very Poor
Delhi,25/01/2017,241.78,88.02,450,Severe
Delhi,26/01/2017,135.87,50.39,340,Very Poor
Delhi,27/01/2017,74.92,42.24,203,Poor
Delhi,28/01/2017,109.13,45.82,236,Poor
Delhi,29/01/2017,132.35,46.68,252,Poor
Delhi,30/01/2017,166.71,65.43,302,Very Poor
Delhi,31/01/2017,214.23,82.78,358,Very Poor
Delhi,01/02/2017,136.02,64.08,317,Very Poor
Delhi,02/02/2017,198.24,93.86,387,Very Poor
Delhi,03/02/2017,194.99,88.38,438,Severe
Delhi,04/02/2017,186.65,62.01,407,Severe
Delhi,05/02/2017,146.49,49.57,312,Very Poor
Delhi,06/02/2017,176.04,60.62,367,Very Poor
Delhi,07/02/2017,77.85,55.29,263,Poor
Delhi,08/02/2017,129.1,69.98,287,Poor
Delhi,09/02/2017,133.12,67.24,346,Very Poor
Delhi,10/02/2017,120.43,62.77,314,Very Poor
Delhi,11/02/2017,129.09,58.31,314,Very Poor
Delhi,12/02/2017,166.55,56.97,314,Very Poor
Delhi,13/02/2017,130.62,73.3,298,Poor
Delhi,14/02/2017,168.96,81.51,319,Very Poor
Delhi,15/02/2017,183.98,82.14,382,Very Poor
Delhi,16/02/2017,163.86,78.82,352,Very Poor
Delhi,17/02/2017,112.02,72.55,309,Very Poor
Delhi,18/02/2017,107.13,71.98,301,Very Poor
Delhi,19/02/2017,109.38,68.84,274,Poor
Delhi,20/02/2017,126.74,67.45,313,Very Poor
Delhi,21/02/2017,106.92,60.72,310,Very Poor
Delhi,22/02/2017,93.03,65.62,258,Poor
Delhi,23/02/2017,182.29,55.22,238,Poor
Delhi,24/02/2017,451.25,42.2,449,Severe
Delhi,25/02/2017,425.22,46.64,516,Severe
Delhi,26/02/2017,328.23,59.34,520,Severe
Delhi,27/02/2017,178.5,72.8,363,Very Poor
Delhi,28/02/2017,149.73,94.66,362,Very Poor
Delhi,01/03/2017,127.9,79.46,397,Very Poor
Delhi,02/03/2017,114.68,69.08,280,Poor
Delhi,03/03/2017,67.83,56.64,206,Poor
Delhi,04/03/2017,82.32,60.55,190,Moderate
Delhi,05/03/2017,90.6,61.48,210,Poor
Delhi,06/03/2017,91.6,64.99,201,Poor
Delhi,07/03/2017,112.41,65.16,243,Poor
Delhi,08/03/2017,134.4,49.88,267,Poor
Delhi,09/03/2017,106.45,39.68,245,Poor
Delhi,10/03/2017,68.88,33.32,165,Moderate
Delhi,11/03/2017,37.49,32,102,Moderate
Delhi,12/03/2017,64.42,32.11,159,Moderate
Delhi,13/03/2017,74.58,27.78,174,Moderate
Delhi,14/03/2017,102.46,34.28,270,Poor
Delhi,15/03/2017,112.71,42.06,397,Very Poor
Delhi,16/03/2017,125.8,42.18,371,Very Poor
Delhi,17/03/2017,114.07,38.7,328,Very Poor
Delhi,18/03/2017,96.39,46.65,254,Poor
Delhi,19/03/2017,120.43,51.65,342,Very Poor
Delhi,20/03/2017,121.21,49.53,367,Very Poor
Delhi,21/03/2017,128.51,51.94,400,Very Poor
Delhi,22/03/2017,120.88,69.31,390,Very Poor
Delhi,23/03/2017,151.17,70.55,417,Severe
Delhi,24/03/2017,149.42,79.52,359,Very Poor
Delhi,25/03/2017,168.23,83.82,309,Very Poor
Delhi,26/03/2017,118.34,78.84,292,Poor
Delhi,27/03/2017,156.38,79.24,278,Poor
Delhi,28/03/2017,152.66,85.54,320,Very Poor
Delhi,29/03/2017,113.62,75.87,350,Very Poor
Delhi,30/03/2017,69.44,76.28,234,Poor
Delhi,31/03/2017,91.19,84.22,233,Poor
Delhi,01/04/2017,105.71,81.75,341,Very Poor
Delhi,02/04/2017,83.36,77.96,259,Poor
Delhi,03/04/2017,70.62,83.8,204,Poor
Delhi,04/04/2017,84.4,73.67,220,Poor
Delhi,05/04/2017,47.67,64.65,255,Poor
Delhi,06/04/2017,62.44,67.13,211,Poor
Delhi,07/04/2017,150.76,74.99,428,Severe
Delhi,08/04/2017,151.25,77.6,497,Severe
Delhi,09/04/2017,68.88,68.1,289,Poor
Delhi,10/04/2017,129.15,72.06,285,Poor
Delhi,11/04/2017,146.59,71.58,368,Very Poor
Delhi,12/04/2017,107.69,61.17,304,Very Poor
Delhi,13/04/2017,163.97,87.79,377,Very Poor
Delhi,14/04/2017,184.69,110.15,418,Severe
Delhi,15/04/2017,176.54,102.4,355,Very Poor
Delhi,16/04/2017,175.23,102.55,416,Severe
Delhi,17/04/2017,145.22,102.55,403,Severe
Delhi,18/04/2017,152.84,88.05,415,Severe
Delhi,19/04/2017,136.35,80.08,412,Severe
Delhi,20/04/2017,152.99,93.15,394,Very Poor
Delhi,21/04/2017,130.13,103.25,357,Very Poor
Delhi,22/04/2017,110.54,93.8,291,Poor
Delhi,23/04/2017,103.42,75.05,244,Poor
Delhi,24/04/2017,99.09,61.32,287,Poor
Delhi,25/04/2017,96.07,69.59,254,Poor
Delhi,26/04/2017,72.31,72.94,242,Poor
Delhi,27/04/2017,93.14,73.49,223,Poor
Delhi,28/04/2017,109.36,68.76,243,Poor
Delhi,29/04/2017,126.74,85.21,237,Poor
Delhi,30/04/2017,80.81,65.55,275,Poor
Delhi,01/05/2017,85.8,70.38,183,Moderate
Delhi,02/05/2017,198.2,108.48,370,Very Poor
Delhi,03/05/2017,145.74,97.21,419,Severe
Delhi,04/05/2017,109.91,67.76,317,Very Poor
Delhi,05/05/2017,207.4,75.66,455,Severe
Delhi,06/05/2017,204.56,92.19,435,Severe
Delhi,07/05/2017,220.77,92.34,468,Severe
Delhi,08/05/2017,183.82,94.19,442,Severe
Delhi,09/05/2017,109.76,65.21,400,Very Poor
Delhi,10/05/2017,74.42,46.48,223,Poor
Delhi,11/05/2017,94.28,62.22,220,Poor
Delhi,12/05/2017,216.96,70.84,474,Severe
Delhi,13/05/2017,198.09,87.53,479,Severe
Delhi,14/05/2017,121.76,70.37,373,Very Poor
Delhi,15/05/2017,135.54,75.55,354,Very Poor
Delhi,16/05/2017,123.21,54.83,349,Very Poor
Delhi,17/05/2017,78.18,47.84,264,Poor
Delhi,18/05/2017,126.04,50.3,188,Moderate
Delhi,19/05/2017,139.1,58.93,294,Poor
Delhi,20/05/2017,233.82,59.74,334,Very Poor
Delhi,21/05/2017,178.44,52.38,505,Severe
Delhi,22/05/2017,110.1,63.7,349,Very Poor
Delhi,23/05/2017,118.43,84.21,421,Severe
Delhi,24/05/2017,107.37,80.72,238,Poor
Delhi,25/05/2017,113.9,65.71,204,Poor
Delhi,26/05/2017,103.75,79.07,289,Poor
Delhi,27/05/2017,69.88,50.12,236,Poor
Delhi,28/05/2017,40.33,45.6,148,Moderate
Delhi,29/05/2017,48.95,55.2,94,Satisfactory
Delhi,30/05/2017,63.27,64.11,130,Moderate
Delhi,31/05/2017,56.38,69.98,123,Moderate
Delhi,01/06/2017,95.23,97.33,192,Moderate
Delhi,02/06/2017,123.44,131.55,324,Very Poor
Delhi,03/06/2017,122.2,119.37,357,Very Poor
Delhi,04/06/2017,121.1,92.68,393,Very Poor
Delhi,05/06/2017,71.89,64.07,302,Very Poor
Delhi,06/06/2017,80.37,57.63,239,Poor
Delhi,07/06/2017,40.87,70.77,210,Poor
Delhi,08/06/2017,41.83,79.9,77,Satisfactory
Delhi,09/06/2017,66.73,76.52,89,Satisfactory
Delhi,10/06/2017,64.63,80.04,143,Moderate
Delhi,11/06/2017,43.02,77.07,80,Satisfactory
Delhi,12/06/2017,57.4,106.23,92,Satisfactory
Delhi,13/06/2017,48.6,96.64,112,Moderate
Delhi,14/06/2017,62,86.9,117,Moderate
Delhi,15/06/2017,80.14,139.09,101,Moderate
Delhi,16/06/2017,51.6,80.43,106,Moderate
Delhi,17/06/2017,41.96,70.93,88,Satisfactory
Delhi,18/06/2017,65.19,56.65,94,Satisfactory
Delhi,19/06/2017,60.9,36.63,150,Moderate
Delhi,20/06/2017,35.1,99.75,97,Satisfactory
Delhi,21/06/2017,58.27,63.2,109,Moderate
Delhi,22/06/2017,61.93,36.35,124,Moderate
Delhi,23/06/2017,44.08,103.29,,
Delhi,24/06/2017,63.62,83.84,111,Moderate
Delhi,25/06/2017,76.1,71.42,148,Moderate
Delhi,26/06/2017,51.52,53.97,108,Moderate
Delhi,27/06/2017,36.62,54.02,73,Satisfactory
Delhi,28/06/2017,29.83,58.02,58,Satisfactory
Delhi,29/06/2017,22.98,35.01,58,Satisfactory
Delhi,30/06/2017,25.83,32.97,46,Good
Delhi,01/07/2017,43.35,17.4,84,Satisfactory
Delhi,02/07/2017,20.52,11.37,54,Satisfactory
Delhi,03/07/2017,46.71,20.06,49,Good
Delhi,04/07/2017,116.12,19.37,149,Moderate
Delhi,05/07/2017,50.81,14.86,212,Poor
Delhi,06/07/2017,47.17,18.32,85,Satisfactory
Delhi,07/07/2017,41.42,18.21,77,Satisfactory
Delhi,08/07/2017,45.31,23.52,65,Satisfactory
Delhi,09/07/2017,58.46,21.16,108,Moderate
Delhi,10/07/2017,41.92,18.81,78,Satisfactory
Delhi,11/07/2017,33.04,21.44,59,Satisfactory
Delhi,12/07/2017,22.35,19.98,47,Good
Delhi,13/07/2017,22.44,21.59,39,Good
Delhi,14/07/2017,30.35,38.36,40,Good
Delhi,15/07/2017,32.02,77.47,56,Satisfactory
Delhi,16/07/2017,38.77,76.98,65,Satisfactory
Delhi,17/07/2017,33.56,86.61,71,Satisfactory
Delhi,18/07/2017,37.67,126.91,97,Satisfactory
Delhi,19/07/2017,55.96,137.15,118,Moderate
Delhi,20/07/2017,28.88,61.54,116,Moderate
Delhi,21/07/2017,23.12,23.67,53,Satisfactory
Delhi,22/07/2017,18.54,19.9,30,Good
Delhi,23/07/2017,22.65,18.22,37,Good
Delhi,24/07/2017,17.52,19.95,35,Good
Delhi,25/07/2017,22.17,18.1,37,Good
Delhi,26/07/2017,20.17,21.95,32,Good
Delhi,27/07/2017,24.42,25.33,41,Good
Delhi,28/07/2017,25.71,24.07,42,Good
Delhi,29/07/2017,27.25,22.87,47,Good
Delhi,30/07/2017,10.88,20.58,30,Good
Delhi,31/07/2017,17.1,26.19,29,Good
Delhi,01/08/2017,17.24,23.4,44,Good
Delhi,02/08/2017,27.56,26.54,40,Good
Delhi,03/08/2017,27.29,29.16,49,Good
Delhi,04/08/2017,42.65,33.74,50,Good
Delhi,05/08/2017,53.69,42.98,88,Satisfactory
Delhi,06/08/2017,61.44,41.75,99,Satisfactory
Delhi,07/08/2017,57.42,32.2,110,Moderate
Delhi,08/08/2017,36.58,29.91,68,Satisfactory
Delhi,09/08/2017,50.42,48.7,73,Satisfactory
Delhi,10/08/2017,48.6,64,95,Satisfactory
Delhi,11/08/2017,21.83,35.39,58,Satisfactory
Delhi,12/08/2017,,,45,Good
Delhi,13/08/2017,,,,
Delhi,14/08/2017,26.54,88.07,,
Delhi,15/08/2017,30.12,49.91,59,Satisfactory
Delhi,16/08/2017,35.23,64.66,53,Satisfactory
Delhi,17/08/2017,39.6,68.78,66,Satisfactory
Delhi,18/08/2017,46.25,60.15,70,Satisfactory
Delhi,19/08/2017,35.48,39.67,70,Satisfactory
Delhi,20/08/2017,22.15,30.28,63,Satisfactory
Delhi,21/08/2017,25.5,24.42,42,Good
Delhi,22/08/2017,46,38.7,,
Delhi,23/08/2017,36.54,43.43,,
Delhi,24/08/2017,47.79,45.26,58,Satisfactory
Delhi,25/08/2017,51.33,39.3,104,Moderate
Delhi,26/08/2017,62.33,37.65,,
Delhi,27/08/2017,34.3,34.06,,
Delhi,28/08/2017,23.82,27.89,,
Delhi,29/08/2017,15.23,69.8,,
Delhi,30/08/2017,20.5,101.89,73,Satisfactory
Delhi,31/08/2017,41.62,50.7,94,Satisfactory
Delhi,01/09/2017,25.58,26.64,91,Satisfactory
Delhi,02/09/2017,20.06,26.09,88,Satisfactory
Delhi,03/09/2017,38.19,27.32,88,Satisfactory
Delhi,04/09/2017,47.89,25.85,89,Satisfactory
Delhi,05/09/2017,35.61,30.29,88,Satisfactory
Delhi,06/09/2017,39.41,35.92,88,Satisfactory
Delhi,07/09/2017,40.34,23.75,88,Satisfactory
Delhi,08/09/2017,51.7,16.52,106,Moderate
Delhi,09/09/2017,54.83,17.54,96,Satisfactory
Delhi,10/09/2017,60.46,19.76,118,Moderate
Delhi,11/09/2017,63.97,20.25,119,Moderate
Delhi,12/09/2017,46.65,16.56,106,Moderate
Delhi,13/09/2017,54.77,10.76,115,Moderate
Delhi,14/09/2017,80.47,31.88,142,Moderate
Delhi,15/09/2017,64.37,34.75,169,Moderate
Delhi,16/09/2017,51.56,36.6,110,Moderate
Delhi,17/09/2017,53.05,37.33,106,Moderate
Delhi,18/09/2017,60.83,56.67,99,Satisfactory
Delhi,19/09/2017,55.55,34.72,109,Moderate
Delhi,20/09/2017,70.81,21.49,137,Moderate
Delhi,21/09/2017,55.93,22.74,144,Moderate
Delhi,22/09/2017,11.81,22.4,92,Satisfactory
Delhi,23/09/2017,17.76,18.63,83,Satisfactory
Delhi,24/09/2017,35.5,17.01,84,Satisfactory
Delhi,25/09/2017,50.09,27.25,104,Moderate
Delhi,26/09/2017,66.12,27.52,131,Moderate
Delhi,27/09/2017,80.94,21.39,165,Moderate
Delhi,28/09/2017,75.4,38.55,176,Moderate
Delhi,29/09/2017,89.38,29.45,172,Moderate
Delhi,30/09/2017,74.2,26.08,137,Moderate
Delhi,01/10/2017,68.47,28.66,131,Moderate
Delhi,02/10/2017,63.41,25.2,132,Moderate
Delhi,03/10/2017,69.45,26.09,115,Moderate
Delhi,04/10/2017,76.81,28.99,151,Moderate
Delhi,05/10/2017,75.73,24.45,180,Moderate
Delhi,06/10/2017,79.81,27.44,183,Moderate
Delhi,07/10/2017,70.98,25.61,193,Moderate
Delhi,08/10/2017,102.2,24.51,224,Poor
Delhi,09/10/2017,107.63,27.06,268,Poor
Delhi,10/10/2017,105.88,31.67,253,Poor
Delhi,11/10/2017,104.45,30.92,208,Poor
Delhi,12/10/2017,106.85,31.1,211,Poor
Delhi,13/10/2017,137.42,29.16,246,Poor
Delhi,14/10/2017,147.07,30.14,319,Very Poor
Delhi,15/10/2017,147.83,30,317,Very Poor
Delhi,16/10/2017,152.61,58.53,310,Very Poor
Delhi,17/10/2017,121.7,57.08,313,Very Poor
Delhi,18/10/2017,152.16,63.15,310,Very Poor
Delhi,19/10/2017,176.17,53.51,336,Very Poor
Delhi,20/10/2017,426.52,54.76,497,Severe
Delhi,21/10/2017,213.12,50.13,404,Severe
Delhi,22/10/2017,146.01,55.88,338,Very Poor
Delhi,23/10/2017,163.35,64.25,327,Very Poor
Delhi,24/10/2017,188.24,81.33,366,Very Poor
Delhi,25/10/2017,203.03,80.62,357,Very Poor
Delhi,26/10/2017,178.91,90.56,328,Very Poor
Delhi,27/10/2017,167.54,65.44,345,Very Poor
Delhi,28/10/2017,198.37,84.45,379,Very Poor
Delhi,29/10/2017,187.82,60.61,362,Very Poor
Delhi,30/10/2017,196.37,69.51,340,Very Poor
Delhi,31/10/2017,211.64,53.08,366,Very Poor
Delhi,01/11/2017,179.17,46.83,344,Very Poor
Delhi,02/11/2017,160.69,47.7,305,Very Poor
Delhi,03/11/2017,168.16,46.49,310,Very Poor
Delhi,04/11/2017,190.33,47.28,345,Very Poor
Delhi,05/11/2017,209.61,60.56,370,Very Poor
Delhi,06/11/2017,216.53,57.27,377,Very Poor
Delhi,07/11/2017,517.93,65.17,532,Severe
Delhi,08/11/2017,639.19,77.51,675,Severe
Delhi,09/11/2017,495.9,81.67,677,Severe
Delhi,10/11/2017,370.73,80.73,597,Severe
Delhi,11/11/2017,363.77,78.61,471,Severe
Delhi,12/11/2017,465.08,70.1,613,Severe
Delhi,13/11/2017,354.56,65.77,561,Severe
Delhi,14/11/2017,254.36,56.46,444,Severe
Delhi,15/11/2017,192.04,57.85,378,Very Poor
Delhi,16/11/2017,191.57,53.86,357,Very Poor
Delhi,17/11/2017,150.79,47.38,330,Very Poor
Delhi,18/11/2017,143.51,43.91,309,Very Poor
Delhi,19/11/2017,128.65,45.6,297,Poor
Delhi,20/11/2017,171.34,52.73,329,Very Poor
Delhi,21/11/2017,178.08,54.75,341,Very Poor
Delhi,22/11/2017,177.41,54.64,348,Very Poor
Delhi,23/11/2017,175.56,55.04,340,Very Poor
Delhi,24/11/2017,187.97,64.15,348,Very Poor
Delhi,25/11/2017,185.31,76.48,347,Very Poor
Delhi,26/11/2017,224.37,67.6,368,Very Poor
Delhi,27/11/2017,198.34,68.93,382,Very Poor
Delhi,28/11/2017,167.74,62.53,360,Very Poor
Delhi,29/11/2017,215.17,75.37,359,Very Poor
Delhi,30/11/2017,219.84,57.73,388,Very Poor
Delhi,01/12/2017,190.45,56.83,377,Very Poor
Delhi,02/12/2017,208.87,65.66,356,Very Poor
Delhi,03/12/2017,240.87,65.83,384,Very Poor
Delhi,04/12/2017,261.82,65.49,415,Severe
Delhi,05/12/2017,230.56,64.61,404,Severe
Delhi,06/12/2017,120.91,51.02,330,Very Poor
Delhi,07/12/2017,88.95,45.83,215,Poor
Delhi,08/12/2017,115.08,53.85,220,Poor
Delhi,09/12/2017,165.76,70.14,312,Very Poor
Delhi,10/12/2017,230.34,83.94,389,Very Poor
Delhi,11/12/2017,218.87,71.25,406,Severe
Delhi,12/12/2017,109.18,45.94,280,Poor
Delhi,13/12/2017,134.99,40.27,263,Poor
Delhi,14/12/2017,126.67,36.59,276,Poor
Delhi,15/12/2017,127.57,34.73,292,Poor
Delhi,16/12/2017,100.72,29.84,228,Poor
Delhi,17/12/2017,95.58,37.37,195,Moderate
Delhi,18/12/2017,115.19,45.8,223,Poor
Delhi,19/12/2017,168.33,54.84,291,Poor
Delhi,20/12/2017,283.24,66.41,378,Very Poor
Delhi,21/12/2017,293.14,61.63,467,Severe
Delhi,22/12/2017,157.72,50.73,370,Very Poor
Delhi,23/12/2017,117.72,50.97,253,Poor
Delhi,24/12/2017,203.18,66.65,309,Very Poor
Delhi,25/12/2017,259,58.92,398,Very Poor
Delhi,26/12/2017,224.42,57.6,372,Very Poor
Delhi,27/12/2017,224.27,65.61,379,Very Poor
Delhi,28/12/2017,249.17,70.25,398,Very Poor
Delhi,29/12/2017,227.28,59.7,399,Very Poor
Delhi,30/12/2017,273.56,60.4,421,Severe
Delhi,31/12/2017,306.17,66.97,451,Severe
Delhi,01/01/2018,303.41,63.92,462,Severe
Delhi,02/01/2018,277.48,53.73,439,Severe
Delhi,03/01/2018,217.01,52.24,405,Severe
Delhi,04/01/2018,248.54,61.57,394,Very Poor
Delhi,05/01/2018,240.42,54.8,398,Very Poor
Delhi,06/01/2018,252.57,59.12,403,Severe
Delhi,07/01/2018,191.66,47.02,384,Very Poor
Delhi,08/01/2018,152.98,51.6,314,Very Poor
Delhi,09/01/2018,233.1,66.19,373,Very Poor
Delhi,10/01/2018,186.26,60.21,366,Very Poor
Delhi,11/01/2018,154.64,63.57,318,Very Poor
Delhi,12/01/2018,168.87,65.3,306,Very Poor
Delhi,13/01/2018,230.5,61.28,370,Very Poor
Delhi,14/01/2018,191.47,54.37,365,Very Poor
Delhi,15/01/2018,177.71,52.51,352,Very Poor
Delhi,16/01/2018,133.56,46.86,278,Poor
Delhi,17/01/2018,235.06,47.86,350,Very Poor
Delhi,18/01/2018,276.25,55.08,411,Severe
Delhi,19/01/2018,253.7,49.45,451,Severe
Delhi,20/01/2018,152.33,38.87,351,Very Poor
Delhi,21/01/2018,153.61,44.09,310,Very Poor
Delhi,22/01/2018,202.11,56.45,362,Very Poor
Delhi,23/01/2018,160.79,47.26,343,Very Poor
Delhi,24/01/2018,130.16,35.33,286,Poor
Delhi,25/01/2018,111.75,40.13,267,Poor
Delhi,26/01/2018,128.45,38.17,263,Poor
Delhi,27/01/2018,155.2,45.14,284,Poor
Delhi,28/01/2018,150.96,47.6,334,Very Poor
Delhi,29/01/2018,162.48,54.51,332,Very Poor
Delhi,30/01/2018,126.84,47.59,300,Poor
Delhi,31/01/2018,123.48,45.46,271,Poor
Delhi,01/02/2018,157.33,63.88,293,Poor
Delhi,02/02/2018,140.35,54.28,318,Very Poor
Delhi,03/02/2018,115.05,51.46,277,Poor
Delhi,04/02/2018,133.8,46.74,284,Poor
Delhi,05/02/2018,163.6,63.42,313,Very Poor
Delhi,06/02/2018,143.29,56.51,324,Very Poor
Delhi,07/02/2018,131.49,54.53,287,Poor
Delhi,08/02/2018,186.19,74.83,334,Very Poor
Delhi,09/02/2018,203.33,74.5,375,Very Poor
Delhi,10/02/2018,209.7,99.06,378,Very Poor
Delhi,11/02/2018,148.13,62.4,350,Very Poor
Delhi,12/02/2018,72.36,33.08,218,Poor
Delhi,13/02/2018,103.93,46.48,189,Moderate
Delhi,14/02/2018,76.92,34.92,217,Poor
Delhi,15/02/2018,94.49,38.54,189,Moderate
Delhi,16/02/2018,123.19,48.33,248,Poor
Delhi,17/02/2018,127.8,49.9,277,Poor
Delhi,18/02/2018,127.27,50.94,284,Poor
Delhi,19/02/2018,172.55,71.76,321,Very Poor
Delhi,20/02/2018,167.16,68.29,335,Very Poor
Delhi,21/02/2018,172.99,92.54,347,Very Poor
Delhi,22/02/2018,159.67,66.4,333,Very Poor
Delhi,23/02/2018,163.75,70.77,331,Very Poor
Delhi,24/02/2018,164.2,62.66,347,Very Poor
Delhi,25/02/2018,106.26,42.88,317,Very Poor
Delhi,26/02/2018,67.27,33.59,170,Moderate
Delhi,27/02/2018,85.53,43.12,167,Moderate
Delhi,28/02/2018,143.25,52.5,274,Poor
Delhi,01/03/2018,120.71,51.74,293,Poor
Delhi,02/03/2018,139.18,50.64,300,Poor
Delhi,03/03/2018,98.25,41.07,244,Poor
Delhi,04/03/2018,79.83,39.02,205,Poor
Delhi,05/03/2018,76.96,39.58,180,Moderate
Delhi,06/03/2018,75.45,37.92,170,Moderate
Delhi,07/03/2018,87.62,45.6,192,Moderate
Delhi,08/03/2018,139.88,79.5,262,Poor
Delhi,09/03/2018,134.76,65.86,316,Very Poor
Delhi,10/03/2018,75.67,39.85,207,Poor
Delhi,11/03/2018,88.3,41.81,179,Moderate
Delhi,12/03/2018,105.29,45.32,236,Poor
Delhi,13/03/2018,109.22,56.5,241,Poor
Delhi,14/03/2018,116.62,64.82,287,Poor
Delhi,15/03/2018,108.98,48.86,314,Very Poor
Delhi,16/03/2018,111.67,41.48,269,Poor
Delhi,17/03/2018,81.57,32.61,218,Poor
Delhi,18/03/2018,82.15,31.72,177,Moderate
Delhi,19/03/2018,81.93,43.85,177,Moderate
Delhi,20/03/2018,109.99,55.71,224,Poor
Delhi,21/03/2018,133.53,45.33,302,Very Poor
Delhi,22/03/2018,83.4,33.49,226,Poor
Delhi,23/03/2018,64.2,34.53,171,Moderate
Delhi,24/03/2018,78.4,37.32,183,Moderate
Delhi,25/03/2018,85.34,34.66,202,Poor
Delhi,26/03/2018,85.9,41.2,203,Poor
Delhi,27/03/2018,111.26,60.75,246,Poor
Delhi,28/03/2018,117.78,71.04,293,Poor
Delhi,29/03/2018,95.98,41.56,238,Poor
Delhi,30/03/2018,96.45,45.84,234,Poor
Delhi,31/03/2018,101.59,44.76,269,Poor
Delhi,01/04/2018,75.14,37.97,217,Poor
Delhi,02/04/2018,96.38,48.52,217,Poor
Delhi,03/04/2018,101.18,51.63,239,Poor
Delhi,04/04/2018,111.82,52.51,244,Poor
Delhi,05/04/2018,152.56,60.24,329,Very Poor
Delhi,06/04/2018,100.5,44.92,271,Poor
Delhi,07/04/2018,48.46,36.94,170,Moderate
Delhi,08/04/2018,50.27,34.29,142,Moderate
Delhi,09/04/2018,49.56,39.45,133,Moderate
Delhi,10/04/2018,93.89,45.16,205,Poor
Delhi,11/04/2018,48.61,32.33,179,Moderate
Delhi,12/04/2018,46.21,40.94,135,Moderate
Delhi,13/04/2018,83.96,54.68,201,Poor
Delhi,14/04/2018,97.16,59.41,233,Poor
Delhi,15/04/2018,107.36,67.79,240,Poor
Delhi,16/04/2018,119.75,76.17,296,Poor
Delhi,17/04/2018,81.97,57.84,266,Poor
Delhi,18/04/2018,73.44,40.44,216,Poor
Delhi,19/04/2018,89.49,51.78,242,Poor
Delhi,20/04/2018,100.01,40.56,271,Poor
Delhi,21/04/2018,119.24,30.99,444,Severe
Delhi,22/04/2018,62.06,31.63,302,Very Poor
Delhi,23/04/2018,76.11,39.43,197,Moderate
Delhi,24/04/2018,108.64,57.07,242,Poor
Delhi,25/04/2018,117.56,82.47,287,Poor
Delhi,26/04/2018,142.82,78.5,329,Very Poor
Delhi,27/04/2018,107.47,49.86,351,Very Poor
Delhi,28/04/2018,84.13,36.11,288,Poor
Delhi,29/04/2018,89.1,42.57,259,Poor
Delhi,30/04/2018,79.3,46.42,221,Poor
Delhi,01/05/2018,54.88,33.37,173,Moderate
Delhi,02/05/2018,66.74,34.14,161,Moderate
Delhi,03/05/2018,47.25,31.77,167,Moderate
Delhi,04/05/2018,49.09,30.44,146,Moderate
Delhi,05/05/2018,74.82,46.75,174,Moderate
Delhi,06/05/2018,110.48,53.69,280,Poor
Delhi,07/05/2018,111.95,54.75,243,Poor
Delhi,08/05/2018,61,27.66,252,Poor
Delhi,09/05/2018,71.99,46.09,168,Moderate
Delhi,10/05/2018,93.45,52.15,218,Poor
Delhi,11/05/2018,132.39,65.41,292,Poor
Delhi,12/05/2018,144.33,74.13,330,Very Poor
Delhi,13/05/2018,80.64,31.22,285,Poor
Delhi,14/05/2018,49.22,40.3,174,Moderate
Delhi,15/05/2018,67.23,39.81,173,Moderate
Delhi,16/05/2018,78.74,41.79,194,Moderate
Delhi,17/05/2018,105.99,44.14,240,Poor
Delhi,18/05/2018,96.96,53.88,254,Poor
Delhi,19/05/2018,103.98,65.52,270,Poor
Delhi,20/05/2018,83.66,45.88,231,Poor
Delhi,21/05/2018,71.25,42.68,208,Poor
Delhi,22/05/2018,91.16,59.07,207,Poor
Delhi,23/05/2018,129.23,77.28,306,Very Poor
Delhi,24/05/2018,114.13,57.51,303,Very Poor
Delhi,25/05/2018,83.88,59.34,260,Poor
Delhi,26/05/2018,103.02,64.88,244,Poor
Delhi,27/05/2018,97.37,58.31,268,Poor
Delhi,28/05/2018,117.56,54.01,276,Poor
Delhi,29/05/2018,112.6,60.34,303,Very Poor
Delhi,30/05/2018,65.76,33.21,272,Poor
Delhi,31/05/2018,71.99,40.76,223,Poor
Delhi,01/06/2018,79.98,30.14,196,Moderate
Delhi,02/06/2018,52.6,29.28,183,Moderate
Delhi,03/06/2018,59.52,31.51,154,Moderate
Delhi,04/06/2018,64.42,30.68,170,Moderate
Delhi,05/06/2018,61.72,27.67,160,Moderate
Delhi,06/06/2018,57.68,31.11,146,Moderate
Delhi,07/06/2018,73.77,33.8,166,Moderate
Delhi,08/06/2018,76.78,31.27,180,Moderate
Delhi,09/06/2018,52.79,27.39,153,Moderate
Delhi,10/06/2018,67.02,34.23,153,Moderate
Delhi,11/06/2018,73.22,34.85,186,Moderate
Delhi,12/06/2018,141.28,31.72,285,Poor
Delhi,13/06/2018,261.77,25.75,453,Severe
Delhi,14/06/2018,225.49,25.37,522,Severe
Delhi,15/06/2018,153.28,24.61,593,Severe
Delhi,16/06/2018,127.32,25,531,Severe
Delhi,17/06/2018,84.47,22.78,384,Very Poor
Delhi,18/06/2018,61.06,26.68,179,Moderate
Delhi,19/06/2018,52.76,26.52,146,Moderate
Delhi,20/06/2018,67.55,33.71,175,Moderate
Delhi,21/06/2018,76.98,34.82,221,Poor
Delhi,22/06/2018,83.98,45.06,249,Poor
Delhi,23/06/2018,81.33,44.23,228,Poor
Delhi,24/06/2018,54.15,34.98,194,Moderate
Delhi,25/06/2018,46.9,34.92,168,Moderate
Delhi,26/06/2018,29.98,34.16,128,Moderate
Delhi,27/06/2018,52.48,31,126,Moderate
Delhi,28/06/2018,30.07,29.01,99,Satisfactory
Delhi,29/06/2018,37.11,30.43,90,Satisfactory
Delhi,30/06/2018,41.41,32.89,113,Moderate
Delhi,01/07/2018,34.18,28.46,102,Moderate
Delhi,02/07/2018,34.24,25.74,111,Moderate
Delhi,03/07/2018,44.55,37.27,122,Moderate
Delhi,04/07/2018,45.76,31.17,128,Moderate
Delhi,05/07/2018,50.41,38.05,130,Moderate
Delhi,06/07/2018,57.12,36.71,147,Moderate
Delhi,07/07/2018,61.93,34.43,155,Moderate
Delhi,08/07/2018,68.2,39.85,176,Moderate
Delhi,09/07/2018,70.48,35.14,168,Moderate
Delhi,10/07/2018,47.48,28.19,140,Moderate
Delhi,11/07/2018,39.78,31.82,111,Moderate
Delhi,12/07/2018,46.53,34.22,130,Moderate
Delhi,13/07/2018,28.44,31.94,109,Moderate
Delhi,14/07/2018,33.82,31.63,96,Satisfactory
Delhi,15/07/2018,37.76,28.9,92,Satisfactory
Delhi,16/07/2018,37.32,33.31,95,Satisfactory
Delhi,17/07/2018,34.26,30.73,105,Moderate
Delhi,18/07/2018,37.76,29.45,114,Moderate
Delhi,19/07/2018,35.04,27.41,106,Moderate
Delhi,20/07/2018,37.26,33.46,90,Satisfactory
Delhi,21/07/2018,50.21,36.48,114,Moderate
Delhi,22/07/2018,25.81,27.55,87,Satisfactory
Delhi,23/07/2018,32.39,28.74,80,Satisfactory
Delhi,24/07/2018,39.3,29.15,101,Moderate
Delhi,25/07/2018,34.7,27.58,90,Satisfactory
Delhi,26/07/2018,32.22,25.1,90,Satisfactory
Delhi,27/07/2018,21.75,23.41,68,Satisfactory
Delhi,28/07/2018,37.69,21.59,71,Satisfactory
Delhi,29/07/2018,44.03,25.02,100,Satisfactory
Delhi,30/07/2018,39.89,25.06,122,Moderate
Delhi,31/07/2018,50.59,28.84,135,Moderate
Delhi,01/08/2018,55.77,26.14,155,Moderate
Delhi,02/08/2018,71.5,25.2,215,Poor
Delhi,03/08/2018,65.46,26.08,228,Poor
Delhi,04/08/2018,69.75,28.77,215,Poor
Delhi,05/08/2018,63.57,24.82,234,Poor
Delhi,06/08/2018,50.64,26.59,166,Moderate
Delhi,07/08/2018,44.54,26.15,123,Moderate
Delhi,08/08/2018,36.7,25.24,108,Moderate
Delhi,09/08/2018,36.84,24.98,102,Moderate
Delhi,10/08/2018,46.24,34.82,111,Moderate
Delhi,11/08/2018,32.72,24.06,106,Moderate
Delhi,12/08/2018,25.7,23.5,92,Satisfactory
Delhi,13/08/2018,32.75,25.04,102,Moderate
Delhi,14/08/2018,46.85,29.49,122,Moderate
Delhi,15/08/2018,43,23.72,128,Moderate
Delhi,16/08/2018,36.49,29.32,109,Moderate
Delhi,17/08/2018,32.98,24.58,109,Moderate
Delhi,18/08/2018,32.11,26.17,90,Satisfactory
Delhi,19/08/2018,47.01,31.85,100,Satisfactory
Delhi,20/08/2018,61.1,32.54,138,Moderate
Delhi,21/08/2018,30.98,27.85,105,Moderate
Delhi,22/08/2018,29.75,28.18,91,Satisfactory
Delhi,23/08/2018,31.19,24.72,86,Satisfactory
Delhi,24/08/2018,23.71,24.6,89,Satisfactory
Delhi,25/08/2018,21.96,22.78,100,Satisfactory
Delhi,26/08/2018,23.96,19.92,85,Satisfactory
Delhi,27/08/2018,24.78,23.6,82,Satisfactory
Delhi,28/08/2018,29.26,25.52,81,Satisfactory
Delhi,29/08/2018,36.06,26.12,88,Satisfactory
Delhi,30/08/2018,41.26,28.28,97,Satisfactory
Delhi,31/08/2018,47.53,25.96,127,Moderate
Delhi,01/09/2018,45.19,28.51,132,Moderate
Delhi,02/09/2018,40.9,23.44,116,Moderate
Delhi,03/09/2018,42.06,27.63,89,Satisfactory
Delhi,04/09/2018,55.72,35.94,118,Moderate
Delhi,05/09/2018,39.77,30.63,108,Moderate
Delhi,06/09/2018,49.44,30.88,137,Moderate
Delhi,07/09/2018,42.11,37.91,117,Moderate
Delhi,08/09/2018,35.45,26.65,105,Moderate
Delhi,09/09/2018,29.1,23.58,86,Satisfactory
Delhi,10/09/2018,36.99,29.61,92,Satisfactory
Delhi,11/09/2018,28.33,26,91,Satisfactory
Delhi,12/09/2018,28.55,24.4,96,Satisfactory
Delhi,13/09/2018,27.49,23.21,108,Moderate
Delhi,14/09/2018,31.38,25.18,113,Moderate
Delhi,15/09/2018,37.48,27.72,126,Moderate
Delhi,16/09/2018,43.09,25.92,124,Moderate
Delhi,17/09/2018,55.86,29.15,135,Moderate
Delhi,18/09/2018,54.94,29.8,154,Moderate
Delhi,19/09/2018,58.63,37.36,157,Moderate
Delhi,20/09/2018,73.3,38.16,173,Moderate
Delhi,21/09/2018,46.73,26.7,155,Moderate
Delhi,22/09/2018,24.29,21.72,76,Satisfactory
Delhi,23/09/2018,30.71,19.88,69,Satisfactory
Delhi,24/09/2018,21.46,25.07,63,Satisfactory
Delhi,25/09/2018,21.45,25.67,63,Satisfactory
Delhi,26/09/2018,42.83,32.38,99,Satisfactory
Delhi,27/09/2018,71.44,37.42,151,Moderate
Delhi,28/09/2018,83.78,44.68,200,Moderate
Delhi,29/09/2018,92.46,46.15,229,Poor
Delhi,30/09/2018,69.49,34.52,176,Moderate
Delhi,01/10/2018,65.78,40.86,148,Moderate
Delhi,02/10/2018,76.03,36.68,186,Moderate
Delhi,03/10/2018,63.37,42.57,160,Moderate
Delhi,04/10/2018,97.4,48.01,206,Poor
Delhi,05/10/2018,121.12,53.69,268,Poor
Delhi,06/10/2018,78.87,44.71,237,Poor
Delhi,07/10/2018,81.14,44.81,189,Moderate
Delhi,08/10/2018,118.6,56.21,253,Poor
Delhi,09/10/2018,103.26,54.24,269,Poor
Delhi,10/10/2018,93.36,47.73,263,Poor
Delhi,11/10/2018,70.42,37.74,219,Poor
Delhi,12/10/2018,67.93,44.48,163,Moderate
Delhi,13/10/2018,132.93,49.89,264,Poor
Delhi,14/10/2018,91.88,47.34,237,Poor
Delhi,15/10/2018,115.96,55.44,253,Poor
Delhi,16/10/2018,139.18,64.18,309,Very Poor
Delhi,17/10/2018,137.29,52.81,332,Very Poor
Delhi,18/10/2018,143.2,57.64,330,Very Poor
Delhi,19/10/2018,137.73,54.31,300,Poor
Delhi,20/10/2018,168.87,54.04,344,Very Poor
Delhi,21/10/2018,141.15,55.77,325,Very Poor
Delhi,22/10/2018,121.65,55.49,296,Poor
Delhi,23/10/2018,119.4,63.32,274,Poor
Delhi,24/10/2018,174.04,77.72,354,Very Poor
Delhi,25/10/2018,168.82,72.23,356,Very Poor
Delhi,26/10/2018,203.12,74.04,394,Very Poor
Delhi,27/10/2018,206.05,77.3,396,Very Poor
Delhi,28/10/2018,205,57.66,403,Severe
Delhi,29/10/2018,231.83,62.22,397,Very Poor
Delhi,30/10/2018,263.39,70.46,456,Severe
Delhi,31/10/2018,225.17,68.02,422,Severe
Delhi,01/11/2018,236.67,71.63,433,Severe
Delhi,02/11/2018,205.44,65.98,391,Very Poor
Delhi,03/11/2018,159.56,47.39,353,Very Poor
Delhi,04/11/2018,97.27,34.18,238,Poor
Delhi,05/11/2018,361.98,48.25,424,Severe
Delhi,06/11/2018,177.88,43.78,411,Severe
Delhi,07/11/2018,175.43,45.14,317,Very Poor
Delhi,08/11/2018,420.3,64.57,452,Severe
Delhi,09/11/2018,300.91,68.25,487,Severe
Delhi,10/11/2018,288.86,79.5,430,Severe
Delhi,11/11/2018,256.68,70.55,454,Severe
Delhi,12/11/2018,271.7,71.88,437,Severe
Delhi,13/11/2018,265.06,74.72,454,Severe
Delhi,14/11/2018,136.2,59.36,361,Very Poor
Delhi,15/11/2018,98.53,47.83,251,Poor
Delhi,16/11/2018,138.49,42.41,302,Very Poor
Delhi,17/11/2018,135.21,51.93,292,Poor
Delhi,18/11/2018,166.43,61.82,330,Very Poor
Delhi,19/11/2018,179.79,56.73,340,Very Poor
Delhi,20/11/2018,224.1,63.96,367,Very Poor
Delhi,21/11/2018,209.96,63.79,396,Very Poor
Delhi,22/11/2018,139.02,74.93,317,Very Poor
Delhi,23/11/2018,187.85,61.06,356,Very Poor
Delhi,24/11/2018,107.73,46.57,296,Poor
Delhi,25/11/2018,133.62,58.16,266,Poor
Delhi,26/11/2018,200.69,68.3,349,Very Poor
Delhi,27/11/2018,205.53,78.94,396,Very Poor
Delhi,28/11/2018,193.1,69.6,363,Very Poor
Delhi,29/11/2018,205.17,63.68,384,Very Poor
Delhi,30/11/2018,190.36,56.74,365,Very Poor
Delhi,01/12/2018,147.48,56.43,335,Very Poor
Delhi,02/12/2018,164.63,67.18,329,Very Poor
Delhi,03/12/2018,178.87,66.91,356,Very Poor
Delhi,04/12/2018,211.57,74.17,394,Very Poor
Delhi,05/12/2018,181.62,65.87,374,Very Poor
Delhi,06/12/2018,218.06,71.73,385,Very Poor
Delhi,07/12/2018,193.81,54.83,376,Very Poor
Delhi,08/12/2018,202.83,59.06,366,Very Poor
Delhi,09/12/2018,226.35,65.3,389,Very Poor
Delhi,10/12/2018,264.63,66.58,431,Severe
Delhi,11/12/2018,274.97,68.87,464,Severe
Delhi,12/12/2018,209.63,55.1,443,Severe
Delhi,13/12/2018,94.29,42.59,264,Poor
Delhi,14/12/2018,113.42,45.22,248,Poor
Delhi,15/12/2018,122.69,47.31,274,Poor
Delhi,16/12/2018,150.28,50.86,295,Poor
Delhi,17/12/2018,182.78,58.08,338,Very Poor
Delhi,18/12/2018,204.08,61.34,370,Very Poor
Delhi,19/12/2018,205.22,63.77,370,Very Poor
Delhi,20/12/2018,258.1,68.97,423,Severe
Delhi,21/12/2018,252.2,66.03,422,Severe
Delhi,22/12/2018,326.79,78.71,468,Severe
Delhi,23/12/2018,401.58,77.63,557,Severe
Delhi,24/12/2018,378.68,75.26,577,Severe
Delhi,25/12/2018,268.2,61.2,475,Severe
Delhi,26/12/2018,241,65.2,405,Severe
Delhi,27/12/2018,290.1,78.43,458,Severe
Delhi,28/12/2018,249.23,60.59,413,Severe
Delhi,29/12/2018,248.12,64.97,420,Severe
Delhi,30/12/2018,336.42,76.89,484,Severe
Delhi,31/12/2018,319.69,70.54,509,Severe
Delhi,01/01/2019,287.34,69.46,475,Severe
Delhi,02/01/2019,331.2,75.06,501,Severe
Delhi,03/01/2019,355.4,66.2,537,Severe
Delhi,04/01/2019,246.46,57.53,432,Severe
Delhi,05/01/2019,262.53,60.35,440,Severe
Delhi,06/01/2019,174.26,51.94,371,Very Poor
Delhi,07/01/2019,181.74,52.45,331,Very Poor
Delhi,08/01/2019,156.26,48.95,340,Very Poor
Delhi,09/01/2019,143.66,49.49,321,Very Poor
Delhi,10/01/2019,165.95,58.22,317,Very Poor
Delhi,11/01/2019,278.95,76.71,401,Severe
Delhi,12/01/2019,311.03,85.14,482,Severe
Delhi,13/01/2019,272.45,66.11,464,Severe
Delhi,14/01/2019,94.44,42.16,320,Very Poor
Delhi,15/01/2019,134.57,52.45,248,Poor
Delhi,16/01/2019,271.96,83.75,383,Very Poor
Delhi,17/01/2019,358.91,84.74,515,Severe
Delhi,18/01/2019,237.22,68.58,437,Severe
Delhi,19/01/2019,262.68,77.9,411,Severe
Delhi,20/01/2019,314.59,106.04,480,Severe
Delhi,21/01/2019,175.49,63.04,413,Severe
Delhi,22/01/2019,53.25,38.56,174,Moderate
Delhi,23/01/2019,135.68,48.14,186,Moderate
Delhi,24/01/2019,130.59,44.11,328,Very Poor
Delhi,25/01/2019,81.2,40.03,188,Moderate
Delhi,26/01/2019,101.61,38.43,231,Poor
Delhi,27/01/2019,136.47,45.27,275,Poor
Delhi,28/01/2019,126.48,49.13,301,Very Poor
Delhi,29/01/2019,142,51.47,297,Poor
Delhi,30/01/2019,206.14,63.7,342,Very Poor
Delhi,31/01/2019,204.25,65.7,397,Very Poor
Delhi,01/02/2019,178.68,50.75,329,Very Poor
Delhi,02/02/2019,177.32,35.89,338,Very Poor
Delhi,03/02/2019,131.1,34.53,323,Very Poor
Delhi,04/02/2019,144.62,52.85,301,Very Poor
Delhi,05/02/2019,256.33,75.89,398,Very Poor
Delhi,06/02/2019,177.25,50.55,380,Very Poor
Delhi,07/02/2019,65.65,30.8,233,Poor
Delhi,08/02/2019,72.29,39.24,136,Moderate
Delhi,09/02/2019,82.5,38.31,169,Moderate
Delhi,10/02/2019,143.31,49.26,277,Poor
Delhi,11/02/2019,173.61,58.56,332,Very Poor
Delhi,12/02/2019,208.64,66.37,357,Very Poor
Delhi,13/02/2019,198.26,70.04,372,Very Poor
Delhi,14/02/2019,153.73,53.15,350,Very Poor
Delhi,15/02/2019,123.46,44.28,275,Poor
Delhi,16/02/2019,112.34,33.33,288,Poor
Delhi,17/02/2019,99.27,42.59,247,Poor
Delhi,18/02/2019,109.11,56.12,278,Poor
Delhi,19/02/2019,126.12,55.44,232,Poor
Delhi,20/02/2019,102.3,51.88,305,Very Poor
Delhi,21/02/2019,73.33,47.15,158,Moderate
Delhi,22/02/2019,73.9,33.95,191,Moderate
Delhi,23/02/2019,56.51,36.12,116,Moderate
Delhi,24/02/2019,89.34,46.26,169,Moderate
Delhi,25/02/2019,92.36,53.86,221,Poor
Delhi,26/02/2019,59.97,50.31,144,Moderate
Delhi,27/02/2019,47.18,35.07,112,Moderate
Delhi,28/02/2019,96.38,45.02,198,Moderate
Delhi,01/03/2019,93.83,48.87,222,Poor
Delhi,02/03/2019,109.6,62.05,227,Poor
Delhi,03/03/2019,62.92,40.61,172,Moderate
Delhi,04/03/2019,105.93,40.1,217,Poor
Delhi,05/03/2019,68.86,40.05,173,Moderate
Delhi,06/03/2019,83.45,45.3,189,Moderate
Delhi,07/03/2019,104.61,51.9,228,Poor
Delhi,08/03/2019,92.07,51.75,220,Poor
Delhi,09/03/2019,73.31,40.84,194,Moderate
Delhi,10/03/2019,73.98,44.17,157,Moderate
Delhi,11/03/2019,82.17,52.91,190,Moderate
Delhi,12/03/2019,57.28,37.45,149,Moderate
Delhi,13/03/2019,89.17,57.03,168,Moderate
Delhi,14/03/2019,111.2,48.81,281,Poor
Delhi,15/03/2019,74.88,41.27,183,Moderate
Delhi,16/03/2019,68.64,40.6,143,Moderate
Delhi,17/03/2019,93.61,46.88,198,Moderate
Delhi,18/03/2019,100.32,50.33,221,Poor
Delhi,19/03/2019,103.77,55.47,239,Poor
Delhi,20/03/2019,89.82,54.67,234,Poor
Delhi,21/03/2019,112.29,34.63,272,Poor
Delhi,22/03/2019,38.43,32.19,141,Moderate
Delhi,23/03/2019,55.62,34.57,131,Moderate
Delhi,24/03/2019,53.28,34.25,126,Moderate
Delhi,25/03/2019,65,34.84,136,Moderate
Delhi,26/03/2019,75.82,40.8,162,Moderate
Delhi,27/03/2019,78.37,49.68,177,Moderate
Delhi,28/03/2019,116.55,60.18,245,Poor
Delhi,29/03/2019,112.67,60.4,273,Poor
Delhi,30/03/2019,102.27,53.75,252,Poor
Delhi,31/03/2019,58.96,38.42,198,Moderate
Delhi,01/04/2019,59.08,38.55,153,Moderate
Delhi,02/04/2019,90.1,55.76,194,Moderate
Delhi,03/04/2019,85.02,54.91,208,Poor
Delhi,04/04/2019,119.71,63.62,260,Poor
Delhi,05/04/2019,125.44,64.7,284,Poor
Delhi,06/04/2019,96.6,48.72,269,Poor
Delhi,07/04/2019,152.91,44.64,315,Very Poor
Delhi,08/04/2019,81.3,45.87,284,Poor
Delhi,09/04/2019,87.74,53.88,240,Poor
Delhi,10/04/2019,101.94,56.82,263,Poor
Delhi,11/04/2019,70.25,47.54,196,Moderate
Delhi,12/04/2019,61.34,40.09,202,Poor
Delhi,13/04/2019,55.93,37.89,175,Moderate
Delhi,14/04/2019,51.51,36.61,150,Moderate
Delhi,15/04/2019,54.84,41.92,163,Moderate
Delhi,16/04/2019,59.08,35.01,206,Poor
Delhi,17/04/2019,22.14,26.84,102,Moderate
Delhi,18/04/2019,38.92,39.07,104,Moderate
Delhi,19/04/2019,71.62,47.56,151,Moderate
Delhi,20/04/2019,90.55,55.28,199,Moderate
Delhi,21/04/2019,95.24,58.95,225,Poor
Delhi,22/04/2019,110.16,61.72,246,Poor
Delhi,23/04/2019,104.17,63.45,257,Poor
Delhi,24/04/2019,85.7,51.58,232,Poor
Delhi,25/04/2019,86.41,39.89,251,Poor
Delhi,26/04/2019,82.37,50.69,223,Poor
Delhi,27/04/2019,73.06,39.8,248,Poor
Delhi,28/04/2019,76.44,40.9,269,Poor
Delhi,29/04/2019,84.04,52.04,256,Poor
Delhi,30/04/2019,95.72,59.32,257,Poor
Delhi,01/05/2019,111.57,63.15,285,Poor
Delhi,02/05/2019,77.72,43.19,275,Poor
Delhi,03/05/2019,52.16,49.82,202,Poor
Delhi,04/05/2019,77.96,59.78,182,Moderate
Delhi,05/05/2019,101.25,55.16,231,Poor
Delhi,06/05/2019,118.9,70.81,267,Poor
Delhi,07/05/2019,128.78,69.77,310,Very Poor
Delhi,08/05/2019,143.34,60.85,389,Very Poor
Delhi,09/05/2019,137.2,51.13,390,Very Poor
Delhi,10/05/2019,95.07,38.05,333,Very Poor
Delhi,11/05/2019,101.83,42.02,266,Poor
Delhi,12/05/2019,178.22,40.68,352,Very Poor
Delhi,13/05/2019,170.81,50.88,376,Very Poor
Delhi,14/05/2019,58.22,37.53,217,Poor
Delhi,15/05/2019,84.81,57.75,194,Moderate
Delhi,16/05/2019,75.45,50.99,192,Moderate
Delhi,17/05/2019,92.53,45.67,257,Poor
Delhi,18/05/2019,44.28,33.79,176,Moderate
Delhi,19/05/2019,81.99,45.8,168,Moderate
Delhi,20/05/2019,93.97,56.55,216,Poor
Delhi,21/05/2019,77.78,47.58,206,Poor
Delhi,22/05/2019,64.24,51.8,167,Moderate
Delhi,23/05/2019,92.4,52.71,228,Poor
Delhi,24/05/2019,43.86,40.33,151,Moderate
Delhi,25/05/2019,43.66,34.52,125,Moderate
Delhi,26/05/2019,55.13,41.51,135,Moderate
Delhi,27/05/2019,64.66,53.92,163,Moderate
Delhi,28/05/2019,65.82,61.45,175,Moderate
Delhi,29/05/2019,74.8,65.84,191,Moderate
Delhi,30/05/2019,85.21,71.8,226,Poor
Delhi,31/05/2019,88.57,56.83,266,Poor
Delhi,01/06/2019,95.4,57.24,300,Poor
Delhi,02/06/2019,73.36,32.22,222,Poor
Delhi,03/06/2019,66.94,30.33,232,Poor
Delhi,04/06/2019,54.95,36,212,Poor
Delhi,05/06/2019,73.35,42.68,190,Moderate
Delhi,06/06/2019,70.61,44.85,209,Poor
Delhi,07/06/2019,54.81,35.32,192,Moderate
Delhi,08/06/2019,69.75,51,184,Moderate
Delhi,09/06/2019,101.05,62.84,237,Poor
Delhi,10/06/2019,74.48,61.53,230,Poor
Delhi,11/06/2019,118.38,49.86,315,Very Poor
Delhi,12/06/2019,59.86,30.46,280,Poor
Delhi,13/06/2019,52.66,34.53,189,Moderate
Delhi,14/06/2019,53.79,37.07,167,Moderate
Delhi,15/06/2019,81.86,47.15,217,Poor
Delhi,16/06/2019,42.06,20.56,205,Poor
Delhi,17/06/2019,40.18,27.51,126,Moderate
Delhi,18/06/2019,30.39,32.32,119,Moderate
Delhi,19/06/2019,79.96,37.14,173,Moderate
Delhi,20/06/2019,42.76,31.19,175,Moderate
Delhi,21/06/2019,71.15,44.78,178,Moderate
Delhi,22/06/2019,68.27,44.12,185,Moderate
Delhi,23/06/2019,42.06,23.02,153,Moderate
Delhi,24/06/2019,26.29,25.93,118,Moderate
Delhi,25/06/2019,53.65,32.24,131,Moderate
Delhi,26/06/2019,67.36,37.39,161,Moderate
Delhi,27/06/2019,65.3,39.94,169,Moderate
Delhi,28/06/2019,61.21,38.37,207,Poor
Delhi,29/06/2019,58.08,34.56,223,Poor
Delhi,30/06/2019,65.24,33.03,234,Poor
Delhi,01/07/2019,57.27,31.09,195,Moderate
Delhi,02/07/2019,71.68,28.13,202,Poor
Delhi,03/07/2019,39.99,26.57,162,Moderate
Delhi,04/07/2019,36.82,29.23,111,Moderate
Delhi,05/07/2019,48.6,34.77,113,Moderate
Delhi,06/07/2019,34.25,29.91,99,Satisfactory
Delhi,07/07/2019,38.81,28.87,101,Moderate
Delhi,08/07/2019,49.12,32.85,129,Moderate
Delhi,09/07/2019,42.56,30.38,131,Moderate
Delhi,10/07/2019,69.21,31.36,150,Moderate
Delhi,11/07/2019,76.99,29.87,300,Poor
Delhi,12/07/2019,76.35,26.97,294,Poor
Delhi,13/07/2019,63.18,23.13,312,Very Poor
Delhi,14/07/2019,63.16,25.1,243,Poor
Delhi,15/07/2019,42.04,27.17,180,Moderate
Delhi,16/07/2019,31.51,27.54,117,Moderate
Delhi,17/07/2019,32.06,28.44,92,Satisfactory
Delhi,18/07/2019,32.92,37.14,98,Satisfactory
Delhi,19/07/2019,63.02,40.79,142,Moderate
Delhi,20/07/2019,46.43,37.1,137,Moderate
Delhi,21/07/2019,50.57,33.89,123,Moderate
Delhi,22/07/2019,60.38,33.03,124,Moderate
Delhi,23/07/2019,73.08,39.89,156,Moderate
Delhi,24/07/2019,63.26,40.29,165,Moderate
Delhi,25/07/2019,22.79,33.52,98,Satisfactory
Delhi,26/07/2019,30.63,31.61,94,Satisfactory
Delhi,27/07/2019,26.16,25.34,85,Satisfactory
Delhi,28/07/2019,21.13,21.89,83,Satisfactory
Delhi,29/07/2019,24.45,25.11,82,Satisfactory
Delhi,30/07/2019,30.1,26.92,90,Satisfactory
Delhi,31/07/2019,30.22,26.45,90,Satisfactory
Delhi,01/08/2019,34.26,28.4,98,Satisfactory
Delhi,02/08/2019,35.06,30.96,95,Satisfactory
Delhi,03/08/2019,38.54,31,104,Moderate
Delhi,04/08/2019,46.69,30.9,101,Moderate
Delhi,05/08/2019,52.2,34.64,108,Moderate
Delhi,06/08/2019,30.04,34.68,99,Satisfactory
Delhi,07/08/2019,32.63,31.82,104,Moderate
Delhi,08/08/2019,27.69,28.9,99,Satisfactory
Delhi,09/08/2019,14.59,22.08,89,Satisfactory
Delhi,10/08/2019,16.73,22.06,75,Satisfactory
Delhi,11/08/2019,25.53,25.93,83,Satisfactory
Delhi,12/08/2019,20.53,26.18,80,Satisfactory
Delhi,13/08/2019,21.68,27.12,85,Satisfactory
Delhi,14/08/2019,33.21,31.9,93,Satisfactory
Delhi,15/08/2019,28.78,25.03,93,Satisfactory
Delhi,16/08/2019,15.52,21.51,73,Satisfactory
Delhi,17/08/2019,10.24,19.1,67,Satisfactory
Delhi,18/08/2019,15.51,20.93,66,Satisfactory
Delhi,19/08/2019,38.55,28.59,99,Satisfactory
Delhi,20/08/2019,41.74,26.86,103,Moderate
Delhi,21/08/2019,46.69,32.68,107,Moderate
Delhi,22/08/2019,44.16,42.21,125,Moderate
Delhi,23/08/2019,50.49,40.32,130,Moderate
Delhi,24/08/2019,60.71,41.76,149,Moderate
Delhi,25/08/2019,33.49,31.71,107,Moderate
Delhi,26/08/2019,25.06,31.6,77,Satisfactory
Delhi,27/08/2019,40.68,34.48,114,Moderate
Delhi,28/08/2019,42.04,34.62,119,Moderate
Delhi,29/08/2019,33.92,30.6,103,Moderate
Delhi,30/08/2019,43.5,32.44,110,Moderate
Delhi,31/08/2019,57.16,40.79,123,Moderate
Delhi,01/09/2019,35.13,32.08,123,Moderate
Delhi,02/09/2019,46.15,31.91,105,Moderate
Delhi,03/09/2019,70.64,36.51,131,Moderate
Delhi,04/09/2019,73.33,36.99,165,Moderate
Delhi,05/09/2019,33.9,29.09,118,Moderate
Delhi,06/09/2019,35.81,30.05,96,Satisfactory
Delhi,07/09/2019,34.98,30.9,95,Satisfactory
Delhi,08/09/2019,32.83,26.84,99,Satisfactory
Delhi,09/09/2019,56.31,30.47,107,Moderate
Delhi,10/09/2019,64.48,34.12,139,Moderate
Delhi,11/09/2019,79.6,39.69,166,Moderate
Delhi,12/09/2019,57.83,34.01,158,Moderate
Delhi,13/09/2019,33.59,29.75,103,Moderate
Delhi,14/09/2019,26.65,26.05,85,Satisfactory
Delhi,15/09/2019,35.52,27.77,83,Satisfactory
Delhi,16/09/2019,56.6,36.18,111,Moderate
Delhi,17/09/2019,59.14,38.18,143,Moderate
Delhi,18/09/2019,35.41,31.3,117,Moderate
Delhi,19/09/2019,21.74,24.15,80,Satisfactory
Delhi,20/09/2019,40.33,31.73,96,Satisfactory
Delhi,21/09/2019,39.23,31.43,112,Moderate
Delhi,22/09/2019,26.51,30.66,86,Satisfactory
Delhi,23/09/2019,34.46,30.02,89,Satisfactory
Delhi,24/09/2019,35.88,34.98,103,Moderate
Delhi,25/09/2019,30.52,29.99,100,Satisfactory
Delhi,26/09/2019,22.9,27.25,87,Satisfactory
Delhi,27/09/2019,15.66,24.52,78,Satisfactory
Delhi,28/09/2019,22.52,26.18,78,Satisfactory
Delhi,29/09/2019,16.91,22.84,68,Satisfactory
Delhi,30/09/2019,29.42,27.89,75,Satisfactory
Delhi,01/10/2019,33.92,28,98,Satisfactory
Delhi,02/10/2019,40.16,29.72,105,Moderate
Delhi,03/10/2019,57.99,36.77,140,Moderate
Delhi,04/10/2019,43.07,34.07,113,Moderate
Delhi,05/10/2019,39.48,33.82,108,Moderate
Delhi,06/10/2019,58.75,36.98,127,Moderate
Delhi,07/10/2019,55.88,33.46,133,Moderate
Delhi,08/10/2019,44.85,33.4,123,Moderate
Delhi,09/10/2019,77.02,45.5,165,Moderate
Delhi,10/10/2019,100.82,50.32,208,Poor
Delhi,11/10/2019,98.07,48.05,243,Poor
Delhi,12/10/2019,103.45,48.54,235,Poor
Delhi,13/10/2019,132.57,51.27,282,Poor
Delhi,14/10/2019,116.33,50.83,285,Poor
Delhi,15/10/2019,133.35,58.61,291,Poor
Delhi,16/10/2019,146.37,53.03,320,Very Poor
Delhi,17/10/2019,121.68,46.51,300,Poor
Delhi,18/10/2019,90.41,39.62,265,Poor
Delhi,19/10/2019,76.77,51.37,170,Moderate
Delhi,20/10/2019,98.05,48.83,242,Poor
Delhi,21/10/2019,115.16,51.05,254,Poor
Delhi,22/10/2019,93.51,50.05,243,Poor
Delhi,23/10/2019,122.12,57.92,248,Poor
Delhi,24/10/2019,173.56,67.36,335,Very Poor
Delhi,25/10/2019,129.9,52.55,331,Very Poor
Delhi,26/10/2019,148.73,56.43,315,Very Poor
Delhi,27/10/2019,198.81,48.37,354,Very Poor
Delhi,28/10/2019,301.39,48.45,417,Severe
Delhi,29/10/2019,287.56,60.03,419,Severe
Delhi,30/10/2019,279.32,63.87,452,Severe
Delhi,31/10/2019,314.32,71.37,460,Severe
Delhi,01/11/2019,388.45,73.61,591,Severe
Delhi,02/11/2019,320.26,54.1,473,Severe
Delhi,03/11/2019,582.28,49.67,659,Severe
Delhi,04/11/2019,272.3,44.53,532,Severe
Delhi,05/11/2019,190.41,44.32,385,Very Poor
Delhi,06/11/2019,101.09,54.77,265,Poor
Delhi,07/11/2019,182.47,51.64,296,Poor
Delhi,08/11/2019,154.14,52.79,346,Very Poor
Delhi,09/11/2019,140.8,44.01,321,Very Poor
Delhi,10/11/2019,192.35,50.35,339,Very Poor
Delhi,11/11/2019,252.48,61.36,376,Very Poor
Delhi,12/11/2019,384.34,66.1,475,Severe
Delhi,13/11/2019,383.36,73.6,532,Severe
Delhi,14/11/2019,371.42,82.63,537,Severe
Delhi,15/11/2019,423.52,59.35,595,Severe
Delhi,16/11/2019,174.03,42.35,438,Severe
Delhi,17/11/2019,96.34,33.78,273,Poor
Delhi,18/11/2019,108.4,40.05,245,Poor
Delhi,19/11/2019,126.92,52.79,251,Poor
Delhi,20/11/2019,175.19,77.62,315,Very Poor
Delhi,21/11/2019,217.7,91.65,375,Very Poor
Delhi,22/11/2019,201.17,75.08,377,Very Poor
Delhi,23/11/2019,130.41,52.7,334,Very Poor
Delhi,24/11/2019,107.86,43.51,264,Poor
Delhi,25/11/2019,122.37,53.29,269,Poor
Delhi,26/11/2019,114.27,53.83,284,Poor
Delhi,27/11/2019,65.7,42.94,166,Moderate
Delhi,28/11/2019,31.03,32.3,106,Moderate
Delhi,29/11/2019,53.79,41.9,89,Satisfactory
Delhi,30/11/2019,96.96,45.04,175,Moderate
Delhi,01/12/2019,123.66,50.39,257,Poor
Delhi,02/12/2019,141.12,57.23,299,Poor
Delhi,03/12/2019,140.07,60.85,302,Very Poor
Delhi,04/12/2019,163.24,71.65,313,Very Poor
Delhi,05/12/2019,271.99,91.53,389,Very Poor
Delhi,06/12/2019,241.69,69.73,423,Severe
Delhi,07/12/2019,233.79,66.41,382,Very Poor
Delhi,08/12/2019,239.98,68.59,404,Severe
Delhi,09/12/2019,200.33,68.28,371,Very Poor
Delhi,10/12/2019,236.4,72.63,377,Very Poor
Delhi,11/12/2019,299.85,85.56,430,Severe
Delhi,12/12/2019,284.18,64.36,471,Severe
Delhi,13/12/2019,94.62,41.21,322,Very Poor
Delhi,14/12/2019,78.59,41.29,179,Moderate
Delhi,15/12/2019,94.67,39.9,205,Poor
Delhi,16/12/2019,88.05,35.06,202,Poor
Delhi,17/12/2019,93.07,32.7,178,Moderate
Delhi,18/12/2019,144,44.41,273,Poor
Delhi,19/12/2019,261.16,55.64,354,Very Poor
Delhi,20/12/2019,316.09,60.58,452,Severe
Delhi,21/12/2019,249.87,50.24,441,Severe
Delhi,22/12/2019,146.81,38.96,351,Very Poor
Delhi,23/12/2019,171.47,39.83,321,Very Poor
Delhi,24/12/2019,262.69,56.72,376,Very Poor
Delhi,25/12/2019,166.71,39.77,384,Very Poor
Delhi,26/12/2019,196.97,45.08,340,Very Poor
Delhi,27/12/2019,240.07,54.6,372,Very Poor
Delhi,28/12/2019,275.6,55.98,425,Severe
Delhi,29/12/2019,326.79,57.76,455,Severe
Delhi,30/12/2019,333.43,55.61,506,Severe
Delhi,31/12/2019,245.53,47.5,417,Severe
Delhi,01/01/2020,372.14,64.18,492,Severe
Delhi,02/01/2020,327.04,64.8,485,Severe
Delhi,03/01/2020,228.9,55.65,426,Severe
Delhi,04/01/2020,220.6,57.67,366,Very Poor
Delhi,05/01/2020,170.21,48.25,354,Very Poor
Delhi,06/01/2020,159.64,51.19,335,Very Poor
Delhi,07/01/2020,120.31,44.9,285,Poor
Delhi,08/01/2020,117.98,38.64,281,Poor
Delhi,09/01/2020,89.26,32.3,231,Poor
Delhi,10/01/2020,130.82,45.12,255,Poor
Delhi,11/01/2020,151.1,53.28,309,Very Poor
Delhi,12/01/2020,207.23,59.91,352,Very Poor
Delhi,13/01/2020,218.98,55.04,381,Very Poor
Delhi,14/01/2020,115.62,38.08,314,Very Poor
Delhi,15/01/2020,111.57,47.45,241,Poor
Delhi,16/01/2020,139.06,44.21,286,Poor
Delhi,17/01/2020,107.65,36.19,287,Poor
Delhi,18/01/2020,125.3,43.78,262,Poor
Delhi,19/01/2020,125.04,34.18,290,Poor
Delhi,20/01/2020,142.18,38.21,282,Poor
Delhi,21/01/2020,222.81,48.18,359,Very Poor
Delhi,22/01/2020,198.88,44.3,378,Very Poor
Delhi,23/01/2020,74.45,35.26,273,Poor
Delhi,24/01/2020,79.83,44,155,Moderate
Delhi,25/01/2020,136.72,56.31,251,Poor
Delhi,26/01/2020,201.2,50.94,349,Very Poor
Delhi,27/01/2020,209.97,67.09,365,Very Poor
Delhi,28/01/2020,104.45,42.01,302,Very Poor
Delhi,29/01/2020,77.95,42.24,218,Poor
Delhi,30/01/2020,91.56,45.04,195,Moderate
Delhi,31/01/2020,92.04,47.35,203,Poor
Delhi,01/02/2020,112.13,44.25,244,Poor
Delhi,02/02/2020,120.86,45.28,254,Poor
Delhi,03/02/2020,138.5,53.71,297,Poor
Delhi,04/02/2020,188.42,64.8,336,Very Poor
Delhi,05/02/2020,150.08,53.35,344,Very Poor
Delhi,06/02/2020,118.57,51.82,277,Poor
Delhi,07/02/2020,150.15,58.46,307,Very Poor
Delhi,08/02/2020,149.67,47.55,315,Very Poor
Delhi,09/02/2020,151.43,50.75,310,Very Poor
Delhi,10/02/2020,174.4,56.48,328,Very Poor
Delhi,11/02/2020,176.57,60.12,347,Very Poor
Delhi,12/02/2020,172.12,55.96,343,Very Poor
Delhi,13/02/2020,95.72,41.59,279,Poor
Delhi,14/02/2020,73.84,34.6,186,Moderate
Delhi,15/02/2020,83.07,44.57,174,Moderate
Delhi,16/02/2020,132.63,57.15,254,Poor
Delhi,17/02/2020,158.69,61.17,323,Very Poor
Delhi,18/02/2020,125.53,59.91,292,Poor
Delhi,19/02/2020,138.46,59.9,300,Poor
Delhi,20/02/2020,98.84,44.05,253,Poor
Delhi,21/02/2020,53.11,33.27,170,Moderate
Delhi,22/02/2020,63.62,41.23,104,Moderate
Delhi,23/02/2020,105.71,42.24,221,Poor
Delhi,24/02/2020,70.59,44.2,169,Moderate
Delhi,25/02/2020,127.75,46.76,244,Poor
Delhi,26/02/2020,141.81,50.67,303,Very Poor
Delhi,27/02/2020,107.28,46.15,270,Poor
Delhi,28/02/2020,83.48,33.92,214,Poor
Delhi,29/02/2020,60.01,33.98,144,Moderate
Delhi,01/03/2020,42.83,40.73,105,Moderate
Delhi,02/03/2020,99.34,50.23,192,Moderate
Delhi,03/03/2020,86.26,46.6,226,Poor
Delhi,04/03/2020,82.9,45.62,200,Moderate
Delhi,05/03/2020,31.43,32.97,112,Moderate
Delhi,06/03/2020,21.32,33.71,82,Satisfactory
Delhi,07/03/2020,40.96,35.53,77,Satisfactory
Delhi,08/03/2020,72.1,37.14,156,Moderate
Delhi,09/03/2020,58.04,32.29,138,Moderate
Delhi,10/03/2020,84.35,30.22,186,Moderate
Delhi,11/03/2020,55.19,29.76,128,Moderate
Delhi,12/03/2020,56.92,36.74,125,Moderate
Delhi,13/03/2020,68.72,40.53,170,Moderate
Delhi,14/03/2020,39.41,34.59,131,Moderate
Delhi,15/03/2020,60.99,41.09,124,Moderate
Delhi,16/03/2020,61.61,41.52,148,Moderate
Delhi,17/03/2020,69.7,43.5,164,Moderate
Delhi,18/03/2020,68.93,45.86,162,Moderate
Delhi,19/03/2020,90.62,45.67,191,Moderate
Delhi,20/03/2020,90.31,51.26,209,Poor
Delhi,21/03/2020,82.39,46.04,205,Poor
Delhi,22/03/2020,78.61,29.85,198,Moderate
Delhi,23/03/2020,54.26,25.96,127,Moderate
Delhi,24/03/2020,55.85,27.07,124,Moderate
Delhi,25/03/2020,37.87,21.11,92,Satisfactory
Delhi,26/03/2020,45.69,16.58,93,Satisfactory
Delhi,27/03/2020,26.89,15.32,76,Satisfactory
Delhi,28/03/2020,21.23,17.52,51,Satisfactory
Delhi,29/03/2020,27.59,16.6,64,Satisfactory
Delhi,30/03/2020,35.08,17.52,74,Satisfactory
Delhi,31/03/2020,35.31,18.03,81,Satisfactory
Delhi,01/04/2020,32.88,19.17,80,Satisfactory
Delhi,02/04/2020,28.51,17.18,78,Satisfactory
Delhi,03/04/2020,31.36,20.07,84,Satisfactory
Delhi,04/04/2020,40.79,22.38,90,Satisfactory
Delhi,05/04/2020,51.79,24.42,103,Moderate
Delhi,06/04/2020,59.91,24.37,134,Moderate
Delhi,07/04/2020,33.12,19.27,100,Satisfactory
Delhi,08/04/2020,29.7,18.56,91,Satisfactory
Delhi,09/04/2020,36.13,21.37,89,Satisfactory
Delhi,10/04/2020,57.67,27.12,111,Moderate
Delhi,11/04/2020,53.03,23.64,126,Moderate
Delhi,12/04/2020,38.57,17.59,102,Moderate
Delhi,13/04/2020,60.6,23.4,119,Moderate
Delhi,14/04/2020,58.22,25.71,134,Moderate
Delhi,15/04/2020,58.31,24.55,152,Moderate
Delhi,16/04/2020,69.8,25.01,172,Moderate
Delhi,17/04/2020,26.93,15.83,123,Moderate
Delhi,18/04/2020,29.09,15.45,102,Moderate
Delhi,19/04/2020,35.49,19.72,95,Satisfactory
Delhi,20/04/2020,52.86,24.56,115,Moderate
Delhi,21/04/2020,37.17,19.64,102,Moderate
Delhi,22/04/2020,58.25,24.79,122,Moderate
Delhi,23/04/2020,54.71,24.83,129,Moderate
Delhi,24/04/2020,65.91,25.62,143,Moderate
Delhi,25/04/2020,33.09,18.68,121,Moderate
Delhi,26/04/2020,40.24,17.45,119,Moderate
Delhi,27/04/2020,27.18,14.8,98,Satisfactory
Delhi,28/04/2020,41.75,17.35,105,Moderate
Delhi,29/04/2020,55.18,20.11,123,Moderate
Delhi,30/04/2020,49.96,17.61,128,Moderate
Delhi,01/05/2020,61.04,18.46,140,Moderate
Delhi,02/05/2020,34.67,14.36,127,Moderate
Delhi,03/05/2020,32.56,15.14,110,Moderate
Delhi,04/05/2020,26.63,16.95,92,Satisfactory
Delhi,05/05/2020,56.24,21.36,117,Moderate
Delhi,06/05/2020,58.44,21.88,139,Moderate
Delhi,07/05/2020,36.02,17.97,140,Moderate
Delhi,08/05/2020,51.09,21.66,138,Moderate
Delhi,09/05/2020,54.18,17.65,142,Moderate
Delhi,10/05/2020,44.3,16.46,127,Moderate
Delhi,11/05/2020,43.26,19.53,113,Moderate
Delhi,12/05/2020,43.19,18.49,122,Moderate
Delhi,13/05/2020,68.8,21.34,132,Moderate
Delhi,14/05/2020,56.17,25.12,154,Moderate
Delhi,15/05/2020,47.44,23.45,125,Moderate
Delhi,16/05/2020,81.87,26.17,175,Moderate
Delhi,17/05/2020,98.63,31.96,202,Poor
Delhi,18/05/2020,101.02,34.76,222,Poor
Delhi,19/05/2020,106.63,42.67,238,Poor
Delhi,20/05/2020,67.8,32.8,196,Moderate
Delhi,21/05/2020,55.92,31.36,149,Moderate
Delhi,22/05/2020,94.37,45.36,199,Moderate
Delhi,23/05/2020,74.92,42.43,202,Poor
Delhi,24/05/2020,55.37,27.35,174,Moderate
Delhi,25/05/2020,61.46,30.92,157,Moderate
Delhi,26/05/2020,55.38,37.79,153,Moderate
Delhi,27/05/2020,43.22,26.95,156,Moderate
Delhi,28/05/2020,39.07,17.1,174,Moderate
Delhi,29/05/2020,24.62,19.02,129,Moderate
Delhi,30/05/2020,23.09,18.51,84,Satisfactory
Delhi,31/05/2020,21.51,17.05,80,Satisfactory
Delhi,01/06/2020,41.05,22.99,100,Satisfactory
Delhi,02/06/2020,45.9,24.78,123,Moderate
Delhi,03/06/2020,50.62,28.02,123,Moderate
Delhi,04/06/2020,68.24,34.11,144,Moderate
Delhi,05/06/2020,42.43,25.87,126,Moderate
Delhi,06/06/2020,35.14,21.25,102,Moderate
Delhi,07/06/2020,39.99,22.65,104,Moderate
Delhi,08/06/2020,46.9,25.81,112,Moderate
Delhi,09/06/2020,64.77,32.01,138,Moderate
Delhi,10/06/2020,58.9,34.31,154,Moderate
Delhi,11/06/2020,54.69,30.94,142,Moderate
Delhi,12/06/2020,64,30.05,152,Moderate
Delhi,13/06/2020,52.36,25.46,132,Moderate
Delhi,14/06/2020,71.08,26.01,147,Moderate
Delhi,15/06/2020,48.69,25.95,130,Moderate
Delhi,16/06/2020,39.87,24.58,126,Moderate
Delhi,17/06/2020,34.35,16.94,110,Moderate
Delhi,18/06/2020,36.84,18.32,107,Moderate
Delhi,19/06/2020,57.6,17.78,132,Moderate
Delhi,20/06/2020,35.96,20.37,158,Moderate
Delhi,21/06/2020,39.7,23.7,105,Moderate
Delhi,22/06/2020,39.47,20.61,104,Moderate
Delhi,23/06/2020,29.02,16.39,85,Satisfactory
Delhi,24/06/2020,30.91,16.84,71,Satisfactory
Delhi,25/06/2020,38.37,21.41,86,Satisfactory
Delhi,26/06/2020,50.01,22.06,104,Moderate
Delhi,27/06/2020,39.8,21.46,112,Moderate
Delhi,28/06/2020,59.52,21.6,196,Moderate
Delhi,29/06/2020,44.86,21.57,233,Poor
Delhi,30/06/2020,39.8,17.96,114,Moderate
Delhi,01/07/2020,54.01,21.05,101,Moderate
